ind,name,1,2,3,4,fin
0,AAPL,0.1,0.1,0.12,0.12,-0.01
1,AAPL,0.1,0.12,0.12,0.11,0
2,AAPL,0.12,0.12,0.11,0.11,0
3,AAPL,0.12,0.11,0.11,0.11,-0.01
4,AAPL,0.11,0.11,0.11,0.1,0
5,AAPL,0.11,0.11,0.1,0.1,-0.01
6,AAPL,0.11,0.1,0.1,0.09,-0.01
7,AAPL,0.1,0.1,0.09,0.08,0.01
8,AAPL,0.1,0.09,0.08,0.09,0
9,AAPL,0.09,0.08,0.09,0.09,-0.01
10,AAPL,0.08,0.09,0.09,0.08,0.01
11,AAPL,0.09,0.09,0.08,0.09,0
12,AAPL,0.09,0.08,0.09,0.09,0
13,AAPL,0.08,0.09,0.09,0.09,0.01
14,AAPL,0.09,0.09,0.09,0.1,-0.01
15,AAPL,0.09,0.09,0.1,0.09,0.01
16,AAPL,0.09,0.1,0.09,0.1,0
17,AAPL,0.1,0.09,0.1,0.1,0
18,AAPL,0.09,0.1,0.1,0.1,-0.01
19,AAPL,0.1,0.1,0.1,0.09,0.02
20,AAPL,0.1,0.1,0.09,0.11,0
21,AAPL,0.1,0.09,0.11,0.11,0
22,AAPL,0.09,0.11,0.11,0.11,0
23,AAPL,0.11,0.11,0.11,0.11,-0.01
24,AAPL,0.11,0.11,0.11,0.1,0
25,AAPL,0.11,0.11,0.1,0.1,-0.01
26,AAPL,0.11,0.1,0.1,0.09,-0.01
27,AAPL,0.1,0.1,0.09,0.08,0.01
28,AAPL,0.1,0.09,0.08,0.09,-0.01
29,AAPL,0.09,0.08,0.09,0.08,0.01
30,AAPL,0.08,0.09,0.08,0.09,0
31,AAPL,0.09,0.08,0.09,0.09,-0.01
32,AAPL,0.08,0.09,0.09,0.08,-0.01
33,AAPL,0.09,0.09,0.08,0.07,0
34,AAPL,0.09,0.08,0.07,0.07,0
35,AAPL,0.08,0.07,0.07,0.07,0
36,AAPL,0.07,0.07,0.07,0.07,-0.01
37,AAPL,0.07,0.07,0.07,0.06,-0.01
38,AAPL,0.07,0.07,0.06,0.05,0.01
39,AAPL,0.07,0.06,0.05,0.06,0
40,AAPL,0.06,0.05,0.06,0.06,0
41,AAPL,0.05,0.06,0.06,0.06,0.01
42,AAPL,0.06,0.06,0.06,0.07,0
43,AAPL,0.06,0.06,0.07,0.07,-0.01
44,AAPL,0.06,0.07,0.07,0.06,0
45,AAPL,0.07,0.07,0.06,0.06,0.01
46,AAPL,0.07,0.06,0.06,0.07,0
47,AAPL,0.06,0.06,0.07,0.07,0
48,AAPL,0.06,0.07,0.07,0.07,-0.01
49,AAPL,0.07,0.07,0.07,0.06,0.02
50,AAPL,0.07,0.07,0.06,0.08,0
51,AAPL,0.07,0.06,0.08,0.08,0
52,AAPL,0.06,0.08,0.08,0.08,-0.01
53,AAPL,0.08,0.08,0.08,0.07,0
54,AAPL,0.08,0.08,0.07,0.07,0
55,AAPL,0.08,0.07,0.07,0.07,0
56,AAPL,0.07,0.07,0.07,0.07,0
57,AAPL,0.07,0.07,0.07,0.07,-0.01
58,AAPL,0.07,0.07,0.07,0.06,0
59,AAPL,0.07,0.07,0.06,0.06,0
60,AAPL,0.07,0.06,0.06,0.06,0
61,AAPL,0.06,0.06,0.06,0.06,-0.01
62,AAPL,0.06,0.06,0.06,0.05,0.01
63,AAPL,0.06,0.06,0.05,0.06,0
64,AAPL,0.06,0.05,0.06,0.06,0
65,AAPL,0.05,0.06,0.06,0.06,0
66,AAPL,0.06,0.06,0.06,0.06,0
67,AAPL,0.06,0.06,0.06,0.06,-0.01
68,AAPL,0.06,0.06,0.06,0.05,0
69,AAPL,0.06,0.06,0.05,0.05,0.01
70,AAPL,0.06,0.05,0.05,0.06,-0.01
71,AAPL,0.05,0.05,0.06,0.05,0
72,AAPL,0.05,0.06,0.05,0.05,0
73,AAPL,0.06,0.05,0.05,0.05,0
74,AAPL,0.05,0.05,0.05,0.05,0
75,AAPL,0.05,0.05,0.05,0.05,-0.01
76,AAPL,0.05,0.05,0.05,0.04,0.01
77,AAPL,0.05,0.05,0.04,0.05,-0.01
78,AAPL,0.05,0.04,0.05,0.04,0
79,AAPL,0.04,0.05,0.04,0.04,0.01
80,AAPL,0.05,0.04,0.04,0.05,0
81,AAPL,0.04,0.04,0.05,0.05,0
82,AAPL,0.04,0.05,0.05,0.05,-0.01
83,AAPL,0.05,0.05,0.05,0.04,0.01
84,AAPL,0.05,0.05,0.04,0.05,0
85,AAPL,0.05,0.04,0.05,0.05,0.01
86,AAPL,0.04,0.05,0.05,0.06,0
87,AAPL,0.05,0.05,0.06,0.06,0
88,AAPL,0.05,0.06,0.06,0.06,0
89,AAPL,0.06,0.06,0.06,0.06,0
90,AAPL,0.06,0.06,0.06,0.06,0
91,AAPL,0.06,0.06,0.06,0.06,0.02
92,AAPL,0.06,0.06,0.06,0.08,0
93,AAPL,0.06,0.06,0.08,0.08,0.01
94,AAPL,0.06,0.08,0.08,0.09,0
95,AAPL,0.08,0.08,0.09,0.09,0.01
96,AAPL,0.08,0.09,0.09,0.1,0.01
97,AAPL,0.09,0.09,0.1,0.11,0
98,AAPL,0.09,0.1,0.11,0.11,-0.01
99,AAPL,0.1,0.11,0.11,0.1,0.01
100,AAPL,0.11,0.11,0.1,0.11,-0.01
101,AAPL,0.11,0.1,0.11,0.1,0
102,AAPL,0.1,0.11,0.1,0.1,0.01
103,AAPL,0.11,0.1,0.1,0.11,-0.01
104,AAPL,0.1,0.1,0.11,0.1,-0.01
105,AAPL,0.1,0.11,0.1,0.09,0.02
106,AAPL,0.11,0.1,0.09,0.11,0.02
107,AAPL,0.1,0.09,0.11,0.13,0.01
108,AAPL,0.09,0.11,0.13,0.14,0.01
109,AAPL,0.11,0.13,0.14,0.15,0.01
110,AAPL,0.13,0.14,0.15,0.16,0
111,AAPL,0.14,0.15,0.16,0.16,0
112,AAPL,0.15,0.16,0.16,0.16,-0.01
113,AAPL,0.16,0.16,0.16,0.15,0
114,AAPL,0.16,0.16,0.15,0.15,0
115,AAPL,0.16,0.15,0.15,0.15,0
116,AAPL,0.15,0.15,0.15,0.15,0
117,AAPL,0.15,0.15,0.15,0.15,-0.01
118,AAPL,0.15,0.15,0.15,0.14,0.02
119,AAPL,0.15,0.15,0.14,0.16,0.02
120,AAPL,0.15,0.14,0.16,0.18,-0.01
121,AAPL,0.14,0.16,0.18,0.17,0.02
122,AAPL,0.16,0.18,0.17,0.19,-0.01
123,AAPL,0.18,0.17,0.19,0.18,0.02
124,AAPL,0.17,0.19,0.18,0.2,0
125,AAPL,0.19,0.18,0.2,0.2,0.01
126,AAPL,0.18,0.2,0.2,0.21,-0.01
127,AAPL,0.2,0.2,0.21,0.2,-0.01
128,AAPL,0.2,0.21,0.2,0.19,-0.01
129,AAPL,0.21,0.2,0.19,0.18,-0.01
130,AAPL,0.2,0.19,0.18,0.17,-0.01
131,AAPL,0.19,0.18,0.17,0.16,-0.01
132,AAPL,0.18,0.17,0.16,0.15,0
133,AAPL,0.17,0.16,0.15,0.15,-0.03
134,AAPL,0.16,0.15,0.15,0.12,0
135,AAPL,0.15,0.15,0.12,0.12,0
136,AAPL,0.15,0.12,0.12,0.12,0
137,AAPL,0.12,0.12,0.12,0.12,-0.01
138,AAPL,0.12,0.12,0.12,0.11,0.02
139,AAPL,0.12,0.12,0.11,0.13,-0.02
140,AAPL,0.12,0.11,0.13,0.11,-0.01
141,AAPL,0.11,0.13,0.11,0.1,-0.02
142,AAPL,0.13,0.11,0.1,0.08,0
143,AAPL,0.11,0.1,0.08,0.08,-0.01
144,AAPL,0.1,0.08,0.08,0.07,0.01
145,AAPL,0.08,0.08,0.07,0.08,-0.01
146,AAPL,0.08,0.07,0.08,0.07,0
147,AAPL,0.07,0.08,0.07,0.07,0
148,AAPL,0.08,0.07,0.07,0.07,0
149,AAPL,0.07,0.07,0.07,0.07,0
150,AAPL,0.07,0.07,0.07,0.07,0
151,AAPL,0.07,0.07,0.07,0.07,0
152,AAPL,0.07,0.07,0.07,0.07,0
153,AAPL,0.07,0.07,0.07,0.07,0.02
154,AAPL,0.07,0.07,0.07,0.09,-0.01
155,AAPL,0.07,0.07,0.09,0.08,0
156,AAPL,0.07,0.09,0.08,0.08,0.02
157,AAPL,0.09,0.08,0.08,0.1,-0.01
158,AAPL,0.08,0.08,0.1,0.09,0.01
159,AAPL,0.08,0.1,0.09,0.1,-0.01
160,AAPL,0.1,0.09,0.1,0.09,-0.01
161,AAPL,0.09,0.1,0.09,0.08,0
162,AAPL,0.1,0.09,0.08,0.08,0.01
163,AAPL,0.09,0.08,0.08,0.09,0
164,AAPL,0.08,0.08,0.09,0.09,0
165,AAPL,0.08,0.09,0.09,0.09,0
166,AAPL,0.09,0.09,0.09,0.09,0
167,AAPL,0.09,0.09,0.09,0.09,0
168,AAPL,0.09,0.09,0.09,0.09,0
169,AAPL,0.09,0.09,0.09,0.09,-0.01
170,AAPL,0.09,0.09,0.09,0.08,0.01
171,AAPL,0.09,0.09,0.08,0.09,0.01
172,AAPL,0.09,0.08,0.09,0.1,0
173,AAPL,0.08,0.09,0.1,0.1,0
174,AAPL,0.09,0.1,0.1,0.1,0.01
175,AAPL,0.1,0.1,0.1,0.11,-0.01
176,AAPL,0.1,0.1,0.11,0.1,0
177,AAPL,0.1,0.11,0.1,0.1,0
178,AAPL,0.11,0.1,0.1,0.1,0
179,AAPL,0.1,0.1,0.1,0.1,0
180,AAPL,0.1,0.1,0.1,0.1,0
181,AAPL,0.1,0.1,0.1,0.1,-0.01
182,AAPL,0.1,0.1,0.1,0.09,0
183,AAPL,0.1,0.1,0.09,0.09,0
184,AAPL,0.1,0.09,0.09,0.09,0
185,AAPL,0.09,0.09,0.09,0.09,0
186,AAPL,0.09,0.09,0.09,0.09,0
187,AAPL,0.09,0.09,0.09,0.09,0.01
188,AAPL,0.09,0.09,0.09,0.1,-0.01
189,AAPL,0.09,0.09,0.1,0.09,0.01
190,AAPL,0.09,0.1,0.09,0.1,-0.01
191,AAPL,0.1,0.09,0.1,0.09,0
192,AAPL,0.09,0.1,0.09,0.09,0.01
193,AAPL,0.1,0.09,0.09,0.1,-0.01
194,AAPL,0.09,0.09,0.1,0.09,0
195,AAPL,0.09,0.1,0.09,0.09,0
196,AAPL,0.1,0.09,0.09,0.09,-0.01
197,AAPL,0.09,0.09,0.09,0.08,0.01
198,AAPL,0.09,0.09,0.08,0.09,-0.01
199,AAPL,0.09,0.08,0.09,0.08,0.01
200,AAPL,0.08,0.09,0.08,0.09,-0.01
201,AAPL,0.09,0.08,0.09,0.08,0
202,AAPL,0.08,0.09,0.08,0.08,0
203,AAPL,0.09,0.08,0.08,0.08,0.01
204,AAPL,0.08,0.08,0.08,0.09,0
205,AAPL,0.08,0.08,0.09,0.09,0
206,AAPL,0.08,0.09,0.09,0.09,0
207,AAPL,0.09,0.09,0.09,0.09,0.01
208,AAPL,0.09,0.09,0.09,0.1,0
209,AAPL,0.09,0.09,0.1,0.1,0
210,AAPL,0.09,0.1,0.1,0.1,0
211,AAPL,0.1,0.1,0.1,0.1,0
212,AAPL,0.1,0.1,0.1,0.1,0
213,AAPL,0.1,0.1,0.1,0.1,0
214,AAPL,0.1,0.1,0.1,0.1,0
215,AAPL,0.1,0.1,0.1,0.1,0
216,AAPL,0.1,0.1,0.1,0.1,-0.01
217,AAPL,0.1,0.1,0.1,0.09,-0.02
218,AAPL,0.1,0.1,0.09,0.07,0.01
219,AAPL,0.1,0.09,0.07,0.08,0
220,AAPL,0.09,0.07,0.08,0.08,0
221,AAPL,0.07,0.08,0.08,0.08,-0.01
222,AAPL,0.08,0.08,0.08,0.07,0
223,AAPL,0.08,0.08,0.07,0.07,0.01
224,AAPL,0.08,0.07,0.07,0.08,0
225,AAPL,0.07,0.07,0.08,0.08,-0.01
226,AAPL,0.07,0.08,0.08,0.07,0
227,AAPL,0.08,0.08,0.07,0.07,0.01
228,AAPL,0.08,0.07,0.07,0.08,-0.02
229,AAPL,0.07,0.07,0.08,0.06,0
230,AAPL,0.07,0.08,0.06,0.06,0
231,AAPL,0.08,0.06,0.06,0.06,-0.01
232,AAPL,0.06,0.06,0.06,0.05,0.01
233,AAPL,0.06,0.06,0.05,0.06,0
234,AAPL,0.06,0.05,0.06,0.06,0
235,AAPL,0.05,0.06,0.06,0.06,0
236,AAPL,0.06,0.06,0.06,0.06,0
237,AAPL,0.06,0.06,0.06,0.06,0
238,AAPL,0.06,0.06,0.06,0.06,-0.01
239,AAPL,0.06,0.06,0.06,0.05,0
240,AAPL,0.06,0.06,0.05,0.05,0
241,AAPL,0.06,0.05,0.05,0.05,0
242,AAPL,0.05,0.05,0.05,0.05,0
243,AAPL,0.05,0.05,0.05,0.05,0
244,AAPL,0.05,0.05,0.05,0.05,0
245,AAPL,0.05,0.05,0.05,0.05,0.01
246,AAPL,0.05,0.05,0.05,0.06,-0.01
247,AAPL,0.05,0.05,0.06,0.05,0
248,AAPL,0.05,0.06,0.05,0.05,0.01
249,AAPL,0.06,0.05,0.05,0.06,0
250,AAPL,0.05,0.05,0.06,0.06,0
251,AAPL,0.05,0.06,0.06,0.06,0
252,AAPL,0.06,0.06,0.06,0.06,0.01
253,AAPL,0.06,0.06,0.06,0.07,0
254,AAPL,0.06,0.06,0.07,0.07,0
255,AAPL,0.06,0.07,0.07,0.07,0
256,AAPL,0.07,0.07,0.07,0.07,0
257,AAPL,0.07,0.07,0.07,0.07,0
258,AAPL,0.07,0.07,0.07,0.07,0.01
259,AAPL,0.07,0.07,0.07,0.08,0
260,AAPL,0.07,0.07,0.08,0.08,0
261,AAPL,0.07,0.08,0.08,0.08,0
262,AAPL,0.08,0.08,0.08,0.08,0
263,AAPL,0.08,0.08,0.08,0.08,0
264,AAPL,0.08,0.08,0.08,0.08,0
265,AAPL,0.08,0.08,0.08,0.08,0
266,AAPL,0.08,0.08,0.08,0.08,0
267,AAPL,0.08,0.08,0.08,0.08,0.01
268,AAPL,0.08,0.08,0.08,0.09,0
269,AAPL,0.08,0.08,0.09,0.09,0
270,AAPL,0.08,0.09,0.09,0.09,0
271,AAPL,0.09,0.09,0.09,0.09,0.01
272,AAPL,0.09,0.09,0.09,0.1,0
273,AAPL,0.09,0.09,0.1,0.1,-0.01
274,AAPL,0.09,0.1,0.1,0.09,0
275,AAPL,0.1,0.1,0.09,0.09,0.01
276,AAPL,0.1,0.09,0.09,0.1,0.01
277,AAPL,0.09,0.09,0.1,0.11,0
278,AAPL,0.09,0.1,0.11,0.11,0.01
279,AAPL,0.1,0.11,0.11,0.12,0
280,AAPL,0.11,0.11,0.12,0.12,0.01
281,AAPL,0.11,0.12,0.12,0.13,0
282,AAPL,0.12,0.12,0.13,0.13,0
283,AAPL,0.12,0.13,0.13,0.13,0
284,AAPL,0.13,0.13,0.13,0.13,-0.01
285,AAPL,0.13,0.13,0.13,0.12,0
286,AAPL,0.13,0.13,0.12,0.12,0.01
287,AAPL,0.13,0.12,0.12,0.13,0
288,AAPL,0.12,0.12,0.13,0.13,-0.02
289,AAPL,0.12,0.13,0.13,0.11,0.01
290,AAPL,0.13,0.13,0.11,0.12,-0.01
291,AAPL,0.13,0.11,0.12,0.11,0
292,AAPL,0.11,0.12,0.11,0.11,0.01
293,AAPL,0.12,0.11,0.11,0.12,0.01
294,AAPL,0.11,0.11,0.12,0.13,0
295,AAPL,0.11,0.12,0.13,0.13,-0.01
296,AAPL,0.12,0.13,0.13,0.12,-0.01
297,AAPL,0.13,0.13,0.12,0.11,0.01
298,AAPL,0.13,0.12,0.11,0.12,0
299,AAPL,0.12,0.11,0.12,0.12,0
300,AAPL,0.11,0.12,0.12,0.12,-0.01
301,AAPL,0.12,0.12,0.12,0.11,0.01
302,AAPL,0.12,0.12,0.11,0.12,-0.01
303,AAPL,0.12,0.11,0.12,0.11,0.01
304,AAPL,0.11,0.12,0.11,0.12,0
305,AAPL,0.12,0.11,0.12,0.12,0
306,AAPL,0.11,0.12,0.12,0.12,0
307,AAPL,0.12,0.12,0.12,0.12,0.02
308,AAPL,0.12,0.12,0.12,0.14,0.01
309,AAPL,0.12,0.12,0.14,0.15,-0.01
310,AAPL,0.12,0.14,0.15,0.14,0.01
311,AAPL,0.14,0.15,0.14,0.15,-0.01
312,AAPL,0.15,0.14,0.15,0.14,0
313,AAPL,0.14,0.15,0.14,0.14,0.02
314,AAPL,0.15,0.14,0.14,0.16,0.01
315,AAPL,0.14,0.14,0.16,0.17,0
316,AAPL,0.14,0.16,0.17,0.17,0.02
317,AAPL,0.16,0.17,0.17,0.19,0
318,AAPL,0.17,0.17,0.19,0.19,0.02
319,AAPL,0.17,0.19,0.19,0.21,0
320,AAPL,0.19,0.19,0.21,0.21,0.03
321,AAPL,0.19,0.21,0.21,0.24,-0.01
322,AAPL,0.21,0.21,0.24,0.23,-0.01
323,AAPL,0.21,0.24,0.23,0.22,0.02
324,AAPL,0.24,0.23,0.22,0.24,-0.02
325,AAPL,0.23,0.22,0.24,0.22,0.03
326,AAPL,0.22,0.24,0.22,0.25,-0.01
327,AAPL,0.24,0.22,0.25,0.24,0.01
328,AAPL,0.22,0.25,0.24,0.25,0.01
329,AAPL,0.25,0.24,0.25,0.26,0.02
330,AAPL,0.24,0.25,0.26,0.28,-0.01
331,AAPL,0.25,0.26,0.28,0.27,0
332,AAPL,0.26,0.28,0.27,0.27,-0.01
333,AAPL,0.28,0.27,0.27,0.26,0.01
334,AAPL,0.27,0.27,0.26,0.27,0
335,AAPL,0.27,0.26,0.27,0.27,0
336,AAPL,0.26,0.27,0.27,0.27,0.01
337,AAPL,0.27,0.27,0.27,0.28,0
338,AAPL,0.27,0.27,0.28,0.28,0
339,AAPL,0.27,0.28,0.28,0.28,-0.02
340,AAPL,0.28,0.28,0.28,0.26,0.04
341,AAPL,0.28,0.28,0.26,0.3,-0.01
342,AAPL,0.28,0.26,0.3,0.29,0
343,AAPL,0.26,0.3,0.29,0.29,0.03
344,AAPL,0.3,0.29,0.29,0.32,0.02
345,AAPL,0.29,0.29,0.32,0.34,0.03
346,AAPL,0.29,0.32,0.34,0.37,-0.01
347,AAPL,0.32,0.34,0.37,0.36,-0.01
348,AAPL,0.34,0.37,0.36,0.35,0.03
349,AAPL,0.37,0.36,0.35,0.38,-0.02
350,AAPL,0.36,0.35,0.38,0.36,0.04
351,AAPL,0.35,0.38,0.36,0.4,0
352,AAPL,0.38,0.36,0.4,0.4,-0.03
353,AAPL,0.36,0.4,0.4,0.37,-0.04
354,AAPL,0.4,0.4,0.37,0.33,-0.08
355,AAPL,0.4,0.37,0.33,0.25,0.02
356,AAPL,0.37,0.33,0.25,0.27,-0.01
357,AAPL,0.33,0.25,0.27,0.26,0
358,AAPL,0.25,0.27,0.26,0.26,-0.01
359,AAPL,0.27,0.26,0.26,0.25,-0.01
360,AAPL,0.26,0.26,0.25,0.24,-0.03
361,AAPL,0.26,0.25,0.24,0.21,0.03
362,AAPL,0.25,0.24,0.21,0.24,0.04
363,AAPL,0.24,0.21,0.24,0.28,0.02
364,AAPL,0.21,0.24,0.28,0.3,-0.01
365,AAPL,0.24,0.28,0.3,0.29,-0.01
366,AAPL,0.28,0.3,0.29,0.28,0.02
367,AAPL,0.3,0.29,0.28,0.3,-0.03
368,AAPL,0.29,0.28,0.3,0.27,0.02
369,AAPL,0.28,0.3,0.27,0.29,-0.02
370,AAPL,0.3,0.27,0.29,0.27,0.01
371,AAPL,0.27,0.29,0.27,0.28,0.01
372,AAPL,0.29,0.27,0.28,0.29,0
373,AAPL,0.27,0.28,0.29,0.29,0.04
374,AAPL,0.28,0.29,0.29,0.33,-0.01
375,AAPL,0.29,0.29,0.33,0.32,-0.01
376,AAPL,0.29,0.33,0.32,0.31,-0.03
377,AAPL,0.33,0.32,0.31,0.28,0
378,AAPL,0.32,0.31,0.28,0.28,0
379,AAPL,0.31,0.28,0.28,0.28,-0.01
380,AAPL,0.28,0.28,0.28,0.27,0.01
381,AAPL,0.28,0.28,0.27,0.28,0
382,AAPL,0.28,0.27,0.28,0.28,0.01
383,AAPL,0.27,0.28,0.28,0.29,-0.01
384,AAPL,0.28,0.28,0.29,0.28,-0.01
385,AAPL,0.28,0.29,0.28,0.27,0.01
386,AAPL,0.29,0.28,0.27,0.28,0.02
387,AAPL,0.28,0.27,0.28,0.3,0.01
388,AAPL,0.27,0.28,0.3,0.31,0
389,AAPL,0.28,0.3,0.31,0.31,0
390,AAPL,0.3,0.31,0.31,0.31,0.01
391,AAPL,0.31,0.31,0.31,0.32,0
392,AAPL,0.31,0.31,0.32,0.32,-0.01
393,AAPL,0.31,0.32,0.32,0.31,-0.01
394,AAPL,0.32,0.32,0.31,0.3,0.01
395,AAPL,0.32,0.31,0.3,0.31,0
396,AAPL,0.31,0.3,0.31,0.31,-0.01
397,AAPL,0.3,0.31,0.31,0.3,-0.02
398,AAPL,0.31,0.31,0.3,0.28,0
399,AAPL,0.31,0.3,0.28,0.28,0
400,AAPL,0.3,0.28,0.28,0.28,0
401,AAPL,0.28,0.28,0.28,0.28,0.01
402,AAPL,0.28,0.28,0.28,0.29,0.02
403,AAPL,0.28,0.28,0.29,0.31,-0.01
404,AAPL,0.28,0.29,0.31,0.3,-0.02
405,AAPL,0.29,0.31,0.3,0.28,-0.01
406,AAPL,0.31,0.3,0.28,0.27,0.02
407,AAPL,0.3,0.28,0.27,0.29,-0.02
408,AAPL,0.28,0.27,0.29,0.27,-0.01
409,AAPL,0.27,0.29,0.27,0.26,0.01
410,AAPL,0.29,0.27,0.26,0.27,0
411,AAPL,0.27,0.26,0.27,0.27,-0.02
412,AAPL,0.26,0.27,0.27,0.25,0.02
413,AAPL,0.27,0.27,0.25,0.27,0
414,AAPL,0.27,0.25,0.27,0.27,0.01
415,AAPL,0.25,0.27,0.27,0.28,0.01
416,AAPL,0.27,0.27,0.28,0.29,-0.01
417,AAPL,0.27,0.28,0.29,0.28,0.02
418,AAPL,0.28,0.29,0.28,0.3,0
419,AAPL,0.29,0.28,0.3,0.3,-0.01
420,AAPL,0.28,0.3,0.3,0.29,-0.03
421,AAPL,0.3,0.3,0.29,0.26,0.01
422,AAPL,0.3,0.29,0.26,0.27,-0.01
423,AAPL,0.29,0.26,0.27,0.26,0
424,AAPL,0.26,0.27,0.26,0.26,-0.01
425,AAPL,0.27,0.26,0.26,0.25,-0.01
426,AAPL,0.26,0.26,0.25,0.24,0.01
427,AAPL,0.26,0.25,0.24,0.25,-0.01
428,AAPL,0.25,0.24,0.25,0.24,0
429,AAPL,0.24,0.25,0.24,0.24,0.01
430,AAPL,0.25,0.24,0.24,0.25,0.01
431,AAPL,0.24,0.24,0.25,0.26,0.01
432,AAPL,0.24,0.25,0.26,0.27,0.01
433,AAPL,0.25,0.26,0.27,0.28,-0.01
434,AAPL,0.26,0.27,0.28,0.27,0.02
435,AAPL,0.27,0.28,0.27,0.29,0.03
436,AAPL,0.28,0.27,0.29,0.32,0
437,AAPL,0.27,0.29,0.32,0.32,0.02
438,AAPL,0.29,0.32,0.32,0.34,0
439,AAPL,0.32,0.32,0.34,0.34,-0.01
440,AAPL,0.32,0.34,0.34,0.33,-0.02
441,AAPL,0.34,0.34,0.33,0.31,0
442,AAPL,0.34,0.33,0.31,0.31,-0.02
443,AAPL,0.33,0.31,0.31,0.29,0
444,AAPL,0.31,0.31,0.29,0.29,0
445,AAPL,0.31,0.29,0.29,0.29,-0.01
446,AAPL,0.29,0.29,0.29,0.28,0
447,AAPL,0.29,0.29,0.28,0.28,0.02
448,AAPL,0.29,0.28,0.28,0.3,-0.01
449,AAPL,0.28,0.28,0.3,0.29,0.01
450,AAPL,0.28,0.3,0.29,0.3,0.01
451,AAPL,0.3,0.29,0.3,0.31,0
452,AAPL,0.29,0.3,0.31,0.31,0.01
453,AAPL,0.3,0.31,0.31,0.32,0
454,AAPL,0.31,0.31,0.32,0.32,0
455,AAPL,0.31,0.32,0.32,0.32,-0.01
456,AAPL,0.32,0.32,0.32,0.31,0.03
457,AAPL,0.32,0.32,0.31,0.34,-0.02
458,AAPL,0.32,0.31,0.34,0.32,0.02
459,AAPL,0.31,0.34,0.32,0.34,-0.02
460,AAPL,0.34,0.32,0.34,0.32,-0.02
461,AAPL,0.32,0.34,0.32,0.3,0.03
462,AAPL,0.34,0.32,0.3,0.33,-0.01
463,AAPL,0.32,0.3,0.33,0.32,0
464,AAPL,0.3,0.33,0.32,0.32,-0.01
465,AAPL,0.33,0.32,0.32,0.31,-0.02
466,AAPL,0.32,0.32,0.31,0.29,-0.05
467,AAPL,0.32,0.31,0.29,0.24,0.02
468,AAPL,0.31,0.29,0.24,0.26,-0.01
469,AAPL,0.29,0.24,0.26,0.25,0.02
470,AAPL,0.24,0.26,0.25,0.27,-0.03
471,AAPL,0.26,0.25,0.27,0.24,0
472,AAPL,0.25,0.27,0.24,0.24,-0.01
473,AAPL,0.27,0.24,0.24,0.23,0.01
474,AAPL,0.24,0.24,0.23,0.24,0
475,AAPL,0.24,0.23,0.24,0.24,0
476,AAPL,0.23,0.24,0.24,0.24,0
477,AAPL,0.24,0.24,0.24,0.24,0
478,AAPL,0.24,0.24,0.24,0.24,0.02
479,AAPL,0.24,0.24,0.24,0.26,0.03
480,AAPL,0.24,0.24,0.26,0.29,0.01
481,AAPL,0.24,0.26,0.29,0.3,-0.01
482,AAPL,0.26,0.29,0.3,0.29,-0.01
483,AAPL,0.29,0.3,0.29,0.28,0.03
484,AAPL,0.3,0.29,0.28,0.31,-0.02
485,AAPL,0.29,0.28,0.31,0.29,-0.01
486,AAPL,0.28,0.31,0.29,0.28,0
487,AAPL,0.31,0.29,0.28,0.28,0.02
488,AAPL,0.29,0.28,0.28,0.3,-0.02
489,AAPL,0.28,0.28,0.3,0.28,0
490,AAPL,0.28,0.3,0.28,0.28,0.01
491,AAPL,0.3,0.28,0.28,0.29,-0.02
492,AAPL,0.28,0.28,0.29,0.27,0.01
493,AAPL,0.28,0.29,0.27,0.28,0.01
494,AAPL,0.29,0.27,0.28,0.29,0.03
495,AAPL,0.27,0.28,0.29,0.32,0
496,AAPL,0.28,0.29,0.32,0.32,0.01
497,AAPL,0.29,0.32,0.32,0.33,-0.04
498,AAPL,0.32,0.32,0.33,0.29,0
499,AAPL,0.32,0.33,0.29,0.29,0
500,AAPL,0.33,0.29,0.29,0.29,-0.01
501,AAPL,0.29,0.29,0.29,0.28,-0.02
502,AAPL,0.29,0.29,0.28,0.26,-0.01
503,AAPL,0.29,0.28,0.26,0.25,0.01
504,AAPL,0.28,0.26,0.25,0.26,0
505,AAPL,0.26,0.25,0.26,0.26,-0.02
506,AAPL,0.25,0.26,0.26,0.24,-0.02
507,AAPL,0.26,0.26,0.24,0.22,-0.01
508,AAPL,0.26,0.24,0.22,0.21,-0.01
509,AAPL,0.24,0.22,0.21,0.2,0
510,AAPL,0.22,0.21,0.2,0.2,0.02
511,AAPL,0.21,0.2,0.2,0.22,-0.01
512,AAPL,0.2,0.2,0.22,0.21,0.02
513,AAPL,0.2,0.22,0.21,0.23,0.02
514,AAPL,0.22,0.21,0.23,0.25,0
515,AAPL,0.21,0.23,0.25,0.25,0.01
516,AAPL,0.23,0.25,0.25,0.26,0
517,AAPL,0.25,0.25,0.26,0.26,0.04
518,AAPL,0.25,0.26,0.26,0.3,-0.01
519,AAPL,0.26,0.26,0.3,0.29,0.03
520,AAPL,0.26,0.3,0.29,0.32,-0.01
521,AAPL,0.3,0.29,0.32,0.31,0
522,AAPL,0.29,0.32,0.31,0.31,0.03
523,AAPL,0.32,0.31,0.31,0.34,0.02
524,AAPL,0.31,0.31,0.34,0.36,0.02
525,AAPL,0.31,0.34,0.36,0.38,0.02
526,AAPL,0.34,0.36,0.38,0.4,0.03
527,AAPL,0.36,0.38,0.4,0.43,-0.02
528,AAPL,0.38,0.4,0.43,0.41,0.02
529,AAPL,0.4,0.43,0.41,0.43,-0.02
530,AAPL,0.43,0.41,0.43,0.41,0.06
531,AAPL,0.41,0.43,0.41,0.47,0
532,AAPL,0.43,0.41,0.47,0.47,-0.02
533,AAPL,0.41,0.47,0.47,0.45,0.04
534,AAPL,0.47,0.47,0.45,0.49,0.01
535,AAPL,0.47,0.45,0.49,0.5,0.01
536,AAPL,0.45,0.49,0.5,0.51,-0.08
537,AAPL,0.49,0.5,0.51,0.43,-0.01
538,AAPL,0.5,0.51,0.43,0.42,-0.07
539,AAPL,0.51,0.43,0.42,0.35,0.02
540,AAPL,0.43,0.42,0.35,0.37,-0.03
541,AAPL,0.42,0.35,0.37,0.34,-0.01
542,AAPL,0.35,0.37,0.34,0.33,0.01
543,AAPL,0.37,0.34,0.33,0.34,-0.01
544,AAPL,0.34,0.33,0.34,0.33,-0.03
545,AAPL,0.33,0.34,0.33,0.3,0
546,AAPL,0.34,0.33,0.3,0.3,0
547,AAPL,0.33,0.3,0.3,0.3,0.03
548,AAPL,0.3,0.3,0.3,0.33,0.01
549,AAPL,0.3,0.3,0.33,0.34,-0.01
550,AAPL,0.3,0.33,0.34,0.33,-0.01
551,AAPL,0.33,0.34,0.33,0.32,0.04
552,AAPL,0.34,0.33,0.32,0.36,0
553,AAPL,0.33,0.32,0.36,0.36,0.02
554,AAPL,0.32,0.36,0.36,0.38,0
555,AAPL,0.36,0.36,0.38,0.38,0
556,AAPL,0.36,0.38,0.38,0.38,-0.01
557,AAPL,0.38,0.38,0.38,0.37,-0.02
558,AAPL,0.38,0.38,0.37,0.35,0.01
559,AAPL,0.38,0.37,0.35,0.36,-0.01
560,AAPL,0.37,0.35,0.36,0.35,0
561,AAPL,0.35,0.36,0.35,0.35,0
562,AAPL,0.36,0.35,0.35,0.35,0.05
563,AAPL,0.35,0.35,0.35,0.4,-0.03
564,AAPL,0.35,0.35,0.4,0.37,0
565,AAPL,0.35,0.4,0.37,0.37,0.01
566,AAPL,0.4,0.37,0.37,0.38,-0.02
567,AAPL,0.37,0.37,0.38,0.36,0.01
568,AAPL,0.37,0.38,0.36,0.37,0
569,AAPL,0.38,0.36,0.37,0.37,-0.02
570,AAPL,0.36,0.37,0.37,0.35,0.01
571,AAPL,0.37,0.37,0.35,0.36,0
572,AAPL,0.37,0.35,0.36,0.36,0.04
573,AAPL,0.35,0.36,0.36,0.4,0.03
574,AAPL,0.36,0.36,0.4,0.43,0.02
575,AAPL,0.36,0.4,0.43,0.45,0.02
576,AAPL,0.4,0.43,0.45,0.47,0
577,AAPL,0.43,0.45,0.47,0.47,0
578,AAPL,0.45,0.47,0.47,0.47,-0.01
579,AAPL,0.47,0.47,0.47,0.46,0
580,AAPL,0.47,0.47,0.46,0.46,0.01
581,AAPL,0.47,0.46,0.46,0.47,0.02
582,AAPL,0.46,0.46,0.47,0.49,-0.03
583,AAPL,0.46,0.47,0.49,0.46,0
584,AAPL,0.47,0.49,0.46,0.46,0
585,AAPL,0.49,0.46,0.46,0.46,-0.02
586,AAPL,0.46,0.46,0.46,0.44,-0.01
587,AAPL,0.46,0.46,0.44,0.43,-0.03
588,AAPL,0.46,0.44,0.43,0.4,0.03
589,AAPL,0.44,0.43,0.4,0.43,-0.02
590,AAPL,0.43,0.4,0.43,0.41,0.02
591,AAPL,0.4,0.43,0.41,0.43,0.02
592,AAPL,0.43,0.41,0.43,0.45,-0.01
593,AAPL,0.41,0.43,0.45,0.44,-0.01
594,AAPL,0.43,0.45,0.44,0.43,0
595,AAPL,0.45,0.44,0.43,0.43,-0.03
596,AAPL,0.44,0.43,0.43,0.4,0
597,AAPL,0.43,0.43,0.4,0.4,-0.08
598,AAPL,0.43,0.4,0.4,0.32,0.01
599,AAPL,0.4,0.4,0.32,0.33,0.01
600,AAPL,0.4,0.32,0.33,0.34,-0.01
601,AAPL,0.32,0.33,0.34,0.33,0
602,AAPL,0.33,0.34,0.33,0.33,0
603,AAPL,0.34,0.33,0.33,0.33,0.01
604,AAPL,0.33,0.33,0.33,0.34,-0.03
605,AAPL,0.33,0.33,0.34,0.31,0.01
606,AAPL,0.33,0.34,0.31,0.32,0
607,AAPL,0.34,0.31,0.32,0.32,0.01
608,AAPL,0.31,0.32,0.32,0.33,0.01
609,AAPL,0.32,0.32,0.33,0.34,0.01
610,AAPL,0.32,0.33,0.34,0.35,-0.01
611,AAPL,0.33,0.34,0.35,0.34,-0.01
612,AAPL,0.34,0.35,0.34,0.33,-0.01
613,AAPL,0.35,0.34,0.33,0.32,0
614,AAPL,0.34,0.33,0.32,0.32,0.04
615,AAPL,0.33,0.32,0.32,0.36,-0.01
616,AAPL,0.32,0.32,0.36,0.35,0.03
617,AAPL,0.32,0.36,0.35,0.38,0.03
618,AAPL,0.36,0.35,0.38,0.41,0
619,AAPL,0.35,0.38,0.41,0.41,0.01
620,AAPL,0.38,0.41,0.41,0.42,-0.01
621,AAPL,0.41,0.41,0.42,0.41,0
622,AAPL,0.41,0.42,0.41,0.41,0.01
623,AAPL,0.42,0.41,0.41,0.42,0
624,AAPL,0.41,0.41,0.42,0.42,0.01
625,AAPL,0.41,0.42,0.42,0.43,0
626,AAPL,0.42,0.42,0.43,0.43,0.02
627,AAPL,0.42,0.43,0.43,0.45,-0.01
628,AAPL,0.43,0.43,0.45,0.44,-0.01
629,AAPL,0.43,0.45,0.44,0.43,0
630,AAPL,0.45,0.44,0.43,0.43,-0.01
631,AAPL,0.44,0.43,0.43,0.42,-0.03
632,AAPL,0.43,0.43,0.42,0.39,0.01
633,AAPL,0.43,0.42,0.39,0.4,-0.01
634,AAPL,0.42,0.39,0.4,0.39,0.01
635,AAPL,0.39,0.4,0.39,0.4,0.01
636,AAPL,0.4,0.39,0.4,0.41,-0.02
637,AAPL,0.39,0.4,0.41,0.39,0
638,AAPL,0.4,0.41,0.39,0.39,-0.02
639,AAPL,0.41,0.39,0.39,0.37,-0.01
640,AAPL,0.39,0.39,0.37,0.36,-0.01
641,AAPL,0.39,0.37,0.36,0.35,0.01
642,AAPL,0.37,0.36,0.35,0.36,0.01
643,AAPL,0.36,0.35,0.36,0.37,0.03
644,AAPL,0.35,0.36,0.37,0.4,0
645,AAPL,0.36,0.37,0.4,0.4,0.02
646,AAPL,0.37,0.4,0.4,0.42,-0.01
647,AAPL,0.4,0.4,0.42,0.41,-0.01
648,AAPL,0.4,0.42,0.41,0.4,-0.08
649,AAPL,0.42,0.41,0.4,0.32,-0.02
650,AAPL,0.41,0.4,0.32,0.3,-0.01
651,AAPL,0.4,0.32,0.3,0.29,-0.01
652,AAPL,0.32,0.3,0.29,0.28,-0.01
653,AAPL,0.3,0.29,0.28,0.27,-0.07
654,AAPL,0.29,0.28,0.27,0.2,-0.01
655,AAPL,0.28,0.27,0.2,0.19,0.01
656,AAPL,0.27,0.2,0.19,0.2,0.01
657,AAPL,0.2,0.19,0.2,0.21,-0.01
658,AAPL,0.19,0.2,0.21,0.2,0
659,AAPL,0.2,0.21,0.2,0.2,-0.01
660,AAPL,0.21,0.2,0.2,0.19,0
661,AAPL,0.2,0.2,0.19,0.19,0
662,AAPL,0.2,0.19,0.19,0.19,0
663,AAPL,0.19,0.19,0.19,0.19,-0.01
664,AAPL,0.19,0.19,0.19,0.18,-0.01
665,AAPL,0.19,0.19,0.18,0.17,0
666,AAPL,0.19,0.18,0.17,0.17,0.04
667,AAPL,0.18,0.17,0.17,0.21,0.01
668,AAPL,0.17,0.17,0.21,0.22,0.01
669,AAPL,0.17,0.21,0.22,0.23,0
670,AAPL,0.21,0.22,0.23,0.23,0
671,AAPL,0.22,0.23,0.23,0.23,0.01
672,AAPL,0.23,0.23,0.23,0.24,0
673,AAPL,0.23,0.23,0.24,0.24,-0.01
674,AAPL,0.23,0.24,0.24,0.23,-0.02
675,AAPL,0.24,0.24,0.23,0.21,0.01
676,AAPL,0.24,0.23,0.21,0.22,-0.02
677,AAPL,0.23,0.21,0.22,0.2,0.02
678,AAPL,0.21,0.22,0.2,0.22,0.02
679,AAPL,0.22,0.2,0.22,0.24,-0.01
680,AAPL,0.2,0.22,0.24,0.23,0.02
681,AAPL,0.22,0.24,0.23,0.25,0
682,AAPL,0.24,0.23,0.25,0.25,0
683,AAPL,0.23,0.25,0.25,0.25,0.02
684,AAPL,0.25,0.25,0.25,0.27,0
685,AAPL,0.25,0.25,0.27,0.27,0
686,AAPL,0.25,0.27,0.27,0.27,0
687,AAPL,0.27,0.27,0.27,0.27,0.01
688,AAPL,0.27,0.27,0.27,0.28,-0.01
689,AAPL,0.27,0.27,0.28,0.27,-0.03
690,AAPL,0.27,0.28,0.27,0.24,0.01
691,AAPL,0.28,0.27,0.24,0.25,0
692,AAPL,0.27,0.24,0.25,0.25,-0.03
693,AAPL,0.24,0.25,0.25,0.22,0
694,AAPL,0.25,0.25,0.22,0.22,0
695,AAPL,0.25,0.22,0.22,0.22,0.02
696,AAPL,0.22,0.22,0.22,0.24,-0.02
697,AAPL,0.22,0.22,0.24,0.22,0.01
698,AAPL,0.22,0.24,0.22,0.23,-0.01
699,AAPL,0.24,0.22,0.23,0.22,-0.01
700,AAPL,0.22,0.23,0.22,0.21,-0.01
701,AAPL,0.23,0.22,0.21,0.2,0
702,AAPL,0.22,0.21,0.2,0.2,-0.01
703,AAPL,0.21,0.2,0.2,0.19,0
704,AAPL,0.2,0.2,0.19,0.19,0.01
705,AAPL,0.2,0.19,0.19,0.2,0.01
706,AAPL,0.19,0.19,0.2,0.21,0.02
707,AAPL,0.19,0.2,0.21,0.23,0.02
708,AAPL,0.2,0.21,0.23,0.25,0
709,AAPL,0.21,0.23,0.25,0.25,0.01
710,AAPL,0.23,0.25,0.25,0.26,0
711,AAPL,0.25,0.25,0.26,0.26,0.01
712,AAPL,0.25,0.26,0.26,0.27,-0.01
713,AAPL,0.26,0.26,0.27,0.26,0.01
714,AAPL,0.26,0.27,0.26,0.27,0
715,AAPL,0.27,0.26,0.27,0.27,-0.02
716,AAPL,0.26,0.27,0.27,0.25,0
717,AAPL,0.27,0.27,0.25,0.25,0.03
718,AAPL,0.27,0.25,0.25,0.28,0.03
719,AAPL,0.25,0.25,0.28,0.31,0.01
720,AAPL,0.25,0.28,0.31,0.32,-0.01
721,AAPL,0.28,0.31,0.32,0.31,-0.01
722,AAPL,0.31,0.32,0.31,0.3,0.01
723,AAPL,0.32,0.31,0.3,0.31,-0.01
724,AAPL,0.31,0.3,0.31,0.3,-0.02
725,AAPL,0.3,0.31,0.3,0.28,-0.01
726,AAPL,0.31,0.3,0.28,0.27,0
727,AAPL,0.3,0.28,0.27,0.27,0.01
728,AAPL,0.28,0.27,0.27,0.28,0.01
729,AAPL,0.27,0.27,0.28,0.29,0
730,AAPL,0.27,0.28,0.29,0.29,0.02
731,AAPL,0.28,0.29,0.29,0.31,0.03
732,AAPL,0.29,0.29,0.31,0.34,-0.02
733,AAPL,0.29,0.31,0.34,0.32,-0.02
734,AAPL,0.31,0.34,0.32,0.3,0
735,AAPL,0.34,0.32,0.3,0.3,0.03
736,AAPL,0.32,0.3,0.3,0.33,-0.01
737,AAPL,0.3,0.3,0.33,0.32,-0.03
738,AAPL,0.3,0.33,0.32,0.29,0.01
739,AAPL,0.33,0.32,0.29,0.3,0
740,AAPL,0.32,0.29,0.3,0.3,-0.04
741,AAPL,0.29,0.3,0.3,0.26,0.02
742,AAPL,0.3,0.3,0.26,0.28,-0.02
743,AAPL,0.3,0.26,0.28,0.26,0.02
744,AAPL,0.26,0.28,0.26,0.28,0.01
745,AAPL,0.28,0.26,0.28,0.29,0
746,AAPL,0.26,0.28,0.29,0.29,0
747,AAPL,0.28,0.29,0.29,0.29,0
748,AAPL,0.29,0.29,0.29,0.29,0.04
749,AAPL,0.29,0.29,0.29,0.33,-0.01
750,AAPL,0.29,0.29,0.33,0.32,0
751,AAPL,0.29,0.33,0.32,0.32,0
752,AAPL,0.33,0.32,0.32,0.32,0.01
753,AAPL,0.32,0.32,0.32,0.33,0
754,AAPL,0.32,0.32,0.33,0.33,0.04
755,AAPL,0.32,0.33,0.33,0.37,-0.02
756,AAPL,0.33,0.33,0.37,0.35,0.02
757,AAPL,0.33,0.37,0.35,0.37,0
758,AAPL,0.37,0.35,0.37,0.37,-0.04
759,AAPL,0.35,0.37,0.37,0.33,0.01
760,AAPL,0.37,0.37,0.33,0.34,-0.01
761,AAPL,0.37,0.33,0.34,0.33,-0.01
762,AAPL,0.33,0.34,0.33,0.32,0.02
763,AAPL,0.34,0.33,0.32,0.34,0
764,AAPL,0.33,0.32,0.34,0.34,-0.02
765,AAPL,0.32,0.34,0.34,0.32,0.02
766,AAPL,0.34,0.34,0.32,0.34,-0.07
767,AAPL,0.34,0.32,0.34,0.27,0.01
768,AAPL,0.32,0.34,0.27,0.28,0
769,AAPL,0.34,0.27,0.28,0.28,-0.01
770,AAPL,0.27,0.28,0.28,0.27,0
771,AAPL,0.28,0.28,0.27,0.27,-0.01
772,AAPL,0.28,0.27,0.27,0.26,0
773,AAPL,0.27,0.27,0.26,0.26,0.02
774,AAPL,0.27,0.26,0.26,0.28,0.02
775,AAPL,0.26,0.26,0.28,0.3,0
776,AAPL,0.26,0.28,0.3,0.3,0
777,AAPL,0.28,0.3,0.3,0.3,-0.02
778,AAPL,0.3,0.3,0.3,0.28,0.02
779,AAPL,0.3,0.3,0.28,0.3,-0.03
780,AAPL,0.3,0.28,0.3,0.27,-0.03
781,AAPL,0.28,0.3,0.27,0.24,0
782,AAPL,0.3,0.27,0.24,0.24,0.02
783,AAPL,0.27,0.24,0.24,0.26,0
784,AAPL,0.24,0.24,0.26,0.26,-0.03
785,AAPL,0.24,0.26,0.26,0.23,0
786,AAPL,0.26,0.26,0.23,0.23,-0.01
787,AAPL,0.26,0.23,0.23,0.22,-0.01
788,AAPL,0.23,0.23,0.22,0.21,0
789,AAPL,0.23,0.22,0.21,0.21,0.02
790,AAPL,0.22,0.21,0.21,0.23,-0.03
791,AAPL,0.21,0.21,0.23,0.2,0
792,AAPL,0.21,0.23,0.2,0.2,0
793,AAPL,0.23,0.2,0.2,0.2,-0.01
794,AAPL,0.2,0.2,0.2,0.19,0
795,AAPL,0.2,0.2,0.19,0.19,-0.01
796,AAPL,0.2,0.19,0.19,0.18,0.01
797,AAPL,0.19,0.19,0.18,0.19,0
798,AAPL,0.19,0.18,0.19,0.19,0
799,AAPL,0.18,0.19,0.19,0.19,-0.01
800,AAPL,0.19,0.19,0.19,0.18,0.03
801,AAPL,0.19,0.19,0.18,0.21,0
802,AAPL,0.19,0.18,0.21,0.21,-0.01
803,AAPL,0.18,0.21,0.21,0.2,0
804,AAPL,0.21,0.21,0.2,0.2,-0.02
805,AAPL,0.21,0.2,0.2,0.18,0
806,AAPL,0.2,0.2,0.18,0.18,-0.01
807,AAPL,0.2,0.18,0.18,0.17,-0.01
808,AAPL,0.18,0.18,0.17,0.16,-0.01
809,AAPL,0.18,0.17,0.16,0.15,-0.01
810,AAPL,0.17,0.16,0.15,0.14,0.02
811,AAPL,0.16,0.15,0.14,0.16,0.01
812,AAPL,0.15,0.14,0.16,0.17,-0.01
813,AAPL,0.14,0.16,0.17,0.16,0.01
814,AAPL,0.16,0.17,0.16,0.17,0
815,AAPL,0.17,0.16,0.17,0.17,0.01
816,AAPL,0.16,0.17,0.17,0.18,0
817,AAPL,0.17,0.17,0.18,0.18,-0.01
818,AAPL,0.17,0.18,0.18,0.17,-0.01
819,AAPL,0.18,0.18,0.17,0.16,0.01
820,AAPL,0.18,0.17,0.16,0.17,0
821,AAPL,0.17,0.16,0.17,0.17,0
822,AAPL,0.16,0.17,0.17,0.17,0.01
823,AAPL,0.17,0.17,0.17,0.18,0.02
824,AAPL,0.17,0.17,0.18,0.2,-0.01
825,AAPL,0.17,0.18,0.2,0.19,-0.01
826,AAPL,0.18,0.2,0.19,0.18,0.02
827,AAPL,0.2,0.19,0.18,0.2,-0.01
828,AAPL,0.19,0.18,0.2,0.19,0
829,AAPL,0.18,0.2,0.19,0.19,-0.01
830,AAPL,0.2,0.19,0.19,0.18,0.01
831,AAPL,0.19,0.19,0.18,0.19,-0.01
832,AAPL,0.19,0.18,0.19,0.18,0
833,AAPL,0.18,0.19,0.18,0.18,-0.01
834,AAPL,0.19,0.18,0.18,0.17,-0.01
835,AAPL,0.18,0.18,0.17,0.16,-0.02
836,AAPL,0.18,0.17,0.16,0.14,-0.01
837,AAPL,0.17,0.16,0.14,0.13,0
838,AAPL,0.16,0.14,0.13,0.13,0
839,AAPL,0.14,0.13,0.13,0.13,-0.01
840,AAPL,0.13,0.13,0.13,0.12,0
841,AAPL,0.13,0.13,0.12,0.12,0
842,AAPL,0.13,0.12,0.12,0.12,0
843,AAPL,0.12,0.12,0.12,0.12,0
844,AAPL,0.12,0.12,0.12,0.12,0.01
845,AAPL,0.12,0.12,0.12,0.13,0
846,AAPL,0.12,0.12,0.13,0.13,0.01
847,AAPL,0.12,0.13,0.13,0.14,0.01
848,AAPL,0.13,0.13,0.14,0.15,-0.01
849,AAPL,0.13,0.14,0.15,0.14,0
850,AAPL,0.14,0.15,0.14,0.14,-0.01
851,AAPL,0.15,0.14,0.14,0.13,0
852,AAPL,0.14,0.14,0.13,0.13,0
853,AAPL,0.14,0.13,0.13,0.13,0
854,AAPL,0.13,0.13,0.13,0.13,0
855,AAPL,0.13,0.13,0.13,0.13,0
856,AAPL,0.13,0.13,0.13,0.13,0
857,AAPL,0.13,0.13,0.13,0.13,-0.01
858,AAPL,0.13,0.13,0.13,0.12,0
859,AAPL,0.13,0.13,0.12,0.12,-0.01
860,AAPL,0.13,0.12,0.12,0.11,-0.01
861,AAPL,0.12,0.12,0.11,0.1,0.01
862,AAPL,0.12,0.11,0.1,0.11,0.02
863,AAPL,0.11,0.1,0.11,0.13,-0.01
864,AAPL,0.1,0.11,0.13,0.12,0.03
865,AAPL,0.11,0.13,0.12,0.15,0.05
866,AAPL,0.13,0.12,0.15,0.2,-0.02
867,AAPL,0.12,0.15,0.2,0.18,0
868,AAPL,0.15,0.2,0.18,0.18,-0.02
869,AAPL,0.2,0.18,0.18,0.16,0.01
870,AAPL,0.18,0.18,0.16,0.17,0
871,AAPL,0.18,0.16,0.17,0.17,0
872,AAPL,0.16,0.17,0.17,0.17,-0.01
873,AAPL,0.17,0.17,0.17,0.16,0.01
874,AAPL,0.17,0.17,0.16,0.17,0
875,AAPL,0.17,0.16,0.17,0.17,-0.02
876,AAPL,0.16,0.17,0.17,0.15,-0.02
877,AAPL,0.17,0.17,0.15,0.13,0
878,AAPL,0.17,0.15,0.13,0.13,0.02
879,AAPL,0.15,0.13,0.13,0.15,-0.01
880,AAPL,0.13,0.13,0.15,0.14,0
881,AAPL,0.13,0.15,0.14,0.14,-0.01
882,AAPL,0.15,0.14,0.14,0.13,-0.01
883,AAPL,0.14,0.14,0.13,0.12,-0.01
884,AAPL,0.14,0.13,0.12,0.11,-0.01
885,AAPL,0.13,0.12,0.11,0.1,0
886,AAPL,0.12,0.11,0.1,0.1,0.02
887,AAPL,0.11,0.1,0.1,0.12,0.02
888,AAPL,0.1,0.1,0.12,0.14,0
889,AAPL,0.1,0.12,0.14,0.14,0.01
890,AAPL,0.12,0.14,0.14,0.15,-0.01
891,AAPL,0.14,0.14,0.15,0.14,0
892,AAPL,0.14,0.15,0.14,0.14,0.01
893,AAPL,0.15,0.14,0.14,0.15,0
894,AAPL,0.14,0.14,0.15,0.15,0.03
895,AAPL,0.14,0.15,0.15,0.18,0
896,AAPL,0.15,0.15,0.18,0.18,0.03
897,AAPL,0.15,0.18,0.18,0.21,-0.01
898,AAPL,0.18,0.18,0.21,0.2,0
899,AAPL,0.18,0.21,0.2,0.2,0
900,AAPL,0.21,0.2,0.2,0.2,-0.01
901,AAPL,0.2,0.2,0.2,0.19,0.02
902,AAPL,0.2,0.2,0.19,0.21,0
903,AAPL,0.2,0.19,0.21,0.21,0
904,AAPL,0.19,0.21,0.21,0.21,0.02
905,AAPL,0.21,0.21,0.21,0.23,-0.01
906,AAPL,0.21,0.21,0.23,0.22,-0.01
907,AAPL,0.21,0.23,0.22,0.21,-0.01
908,AAPL,0.23,0.22,0.21,0.2,0
909,AAPL,0.22,0.21,0.2,0.2,0.01
910,AAPL,0.21,0.2,0.2,0.21,-0.01
911,AAPL,0.2,0.2,0.21,0.2,0.01
912,AAPL,0.2,0.21,0.2,0.21,0.01
913,AAPL,0.21,0.2,0.21,0.22,0.02
914,AAPL,0.2,0.21,0.22,0.24,0.04
915,AAPL,0.21,0.22,0.24,0.28,-0.02
916,AAPL,0.22,0.24,0.28,0.26,0
917,AAPL,0.24,0.28,0.26,0.26,0.02
918,AAPL,0.28,0.26,0.26,0.28,0.03
919,AAPL,0.26,0.26,0.28,0.31,0.02
920,AAPL,0.26,0.28,0.31,0.33,-0.07
921,AAPL,0.28,0.31,0.33,0.26,0.01
922,AAPL,0.31,0.33,0.26,0.27,0.01
923,AAPL,0.33,0.26,0.27,0.28,0
924,AAPL,0.26,0.27,0.28,0.28,0.01
925,AAPL,0.27,0.28,0.28,0.29,-0.02
926,AAPL,0.28,0.28,0.29,0.27,0
927,AAPL,0.28,0.29,0.27,0.27,0.01
928,AAPL,0.29,0.27,0.27,0.28,-0.01
929,AAPL,0.27,0.27,0.28,0.27,0.01
930,AAPL,0.27,0.28,0.27,0.28,0.01
931,AAPL,0.28,0.27,0.28,0.29,-0.02
932,AAPL,0.27,0.28,0.29,0.27,0
933,AAPL,0.28,0.29,0.27,0.27,0
934,AAPL,0.29,0.27,0.27,0.27,-0.02
935,AAPL,0.27,0.27,0.27,0.25,0.01
936,AAPL,0.27,0.27,0.25,0.26,0.01
937,AAPL,0.27,0.25,0.26,0.27,0.03
938,AAPL,0.25,0.26,0.27,0.3,0.01
939,AAPL,0.26,0.27,0.3,0.31,0.03
940,AAPL,0.27,0.3,0.31,0.34,-0.03
941,AAPL,0.3,0.31,0.34,0.31,-0.02
942,AAPL,0.31,0.34,0.31,0.29,0.02
943,AAPL,0.34,0.31,0.29,0.31,-0.04
944,AAPL,0.31,0.29,0.31,0.27,0.01
945,AAPL,0.29,0.31,0.27,0.28,0
946,AAPL,0.31,0.27,0.28,0.28,-0.02
947,AAPL,0.27,0.28,0.28,0.26,-0.01
948,AAPL,0.28,0.28,0.26,0.25,0
949,AAPL,0.28,0.26,0.25,0.25,0
950,AAPL,0.26,0.25,0.25,0.25,0
951,AAPL,0.25,0.25,0.25,0.25,0.02
952,AAPL,0.25,0.25,0.25,0.27,0.01
953,AAPL,0.25,0.25,0.27,0.28,-0.01
954,AAPL,0.25,0.27,0.28,0.27,0.03
955,AAPL,0.27,0.28,0.27,0.3,0.05
956,AAPL,0.28,0.27,0.3,0.35,0
957,AAPL,0.27,0.3,0.35,0.35,-0.01
958,AAPL,0.3,0.35,0.35,0.34,-0.01
959,AAPL,0.35,0.35,0.34,0.33,0
960,AAPL,0.35,0.34,0.33,0.33,0.03
961,AAPL,0.34,0.33,0.33,0.36,-0.01
962,AAPL,0.33,0.33,0.36,0.35,0.01
963,AAPL,0.33,0.36,0.35,0.36,-0.04
964,AAPL,0.36,0.35,0.36,0.32,0.03
965,AAPL,0.35,0.36,0.32,0.35,0.07
966,AAPL,0.36,0.32,0.35,0.42,-0.02
967,AAPL,0.32,0.35,0.42,0.4,0
968,AAPL,0.35,0.42,0.4,0.4,0.02
969,AAPL,0.42,0.4,0.4,0.42,-0.01
970,AAPL,0.4,0.4,0.42,0.41,0.04
971,AAPL,0.4,0.42,0.41,0.45,0
972,AAPL,0.42,0.41,0.45,0.45,0.04
973,AAPL,0.41,0.45,0.45,0.49,0.07
974,AAPL,0.45,0.45,0.49,0.56,0.03
975,AAPL,0.45,0.49,0.56,0.59,-0.01
976,AAPL,0.49,0.56,0.59,0.58,-0.09
977,AAPL,0.56,0.59,0.58,0.49,-0.02
978,AAPL,0.59,0.58,0.49,0.47,0.03
979,AAPL,0.58,0.49,0.47,0.5,0.06
980,AAPL,0.49,0.47,0.5,0.56,0
981,AAPL,0.47,0.5,0.56,0.56,0.05
982,AAPL,0.5,0.56,0.56,0.61,0.06
983,AAPL,0.56,0.56,0.61,0.67,0.02
984,AAPL,0.56,0.61,0.67,0.69,0.01
985,AAPL,0.61,0.67,0.69,0.7,0.02
986,AAPL,0.67,0.69,0.7,0.72,0.15
987,AAPL,0.69,0.7,0.72,0.87,-0.09
988,AAPL,0.7,0.72,0.87,0.78,-0.02
989,AAPL,0.72,0.87,0.78,0.76,0.02
990,AAPL,0.87,0.78,0.76,0.78,0
991,AAPL,0.78,0.76,0.78,0.78,-0.03
992,AAPL,0.76,0.78,0.78,0.75,0.01
993,AAPL,0.78,0.78,0.75,0.76,0.08
994,AAPL,0.78,0.75,0.76,0.84,-0.07
995,AAPL,0.75,0.76,0.84,0.77,0.05
996,AAPL,0.76,0.84,0.77,0.82,0
997,AAPL,0.84,0.77,0.82,0.82,0.02
998,AAPL,0.77,0.82,0.82,0.84,-0.01
999,AAPL,0.82,0.82,0.84,0.83,0.14
1000,AAPL,0.82,0.84,0.83,0.97,-0.02
1001,AAPL,0.84,0.83,0.97,0.95,-0.01
1002,AAPL,0.83,0.97,0.95,0.94,0.11
1003,AAPL,0.97,0.95,0.94,1.05,-0.02
1004,AAPL,0.95,0.94,1.05,1.03,-0.03
1005,AAPL,0.94,1.05,1.03,1,-0.15
1006,AAPL,1.05,1.03,1,0.85,0.05
1007,AAPL,1.03,1,0.85,0.9,0.04
1008,AAPL,1,0.85,0.9,0.94,-0.08
1009,AAPL,0.85,0.9,0.94,0.86,-0.05
1010,AAPL,0.9,0.94,0.86,0.81,-0.1
1011,AAPL,0.94,0.86,0.81,0.71,-0.06
1012,AAPL,0.86,0.81,0.71,0.65,0.05
1013,AAPL,0.81,0.71,0.65,0.7,0.02
1014,AAPL,0.71,0.65,0.7,0.72,-0.03
1015,AAPL,0.65,0.7,0.72,0.69,0.09
1016,AAPL,0.7,0.72,0.69,0.78,0.01
1017,AAPL,0.72,0.69,0.78,0.79,0.03
1018,AAPL,0.69,0.78,0.79,0.82,0.05
1019,AAPL,0.78,0.79,0.82,0.87,-0.06
1020,AAPL,0.79,0.82,0.87,0.81,-0.08
1021,AAPL,0.82,0.87,0.81,0.73,-0.01
1022,AAPL,0.87,0.81,0.73,0.72,0
1023,AAPL,0.81,0.73,0.72,0.72,0.04
1024,AAPL,0.73,0.72,0.72,0.76,0.1
1025,AAPL,0.72,0.72,0.76,0.86,0.1
1026,AAPL,0.72,0.76,0.86,0.96,-0.07
1027,AAPL,0.76,0.86,0.96,0.89,-0.05
1028,AAPL,0.86,0.96,0.89,0.84,-0.05
1029,AAPL,0.96,0.89,0.84,0.79,-0.4
1030,AAPL,0.89,0.84,0.79,0.39,-0.05
1031,AAPL,0.84,0.79,0.39,0.34,-0.01
1032,AAPL,0.79,0.39,0.34,0.33,-0.04
1033,AAPL,0.39,0.34,0.33,0.29,-0.01
1034,AAPL,0.34,0.33,0.29,0.28,0.06
1035,AAPL,0.33,0.29,0.28,0.34,-0.05
1036,AAPL,0.29,0.28,0.34,0.29,-0.01
1037,AAPL,0.28,0.34,0.29,0.28,0.01
1038,AAPL,0.34,0.29,0.28,0.29,-0.03
1039,AAPL,0.29,0.28,0.29,0.26,-0.03
1040,AAPL,0.28,0.29,0.26,0.23,-0.02
1041,AAPL,0.29,0.26,0.23,0.21,0.02
1042,AAPL,0.26,0.23,0.21,0.23,-0.01
1043,AAPL,0.23,0.21,0.23,0.22,0.03
1044,AAPL,0.21,0.23,0.22,0.25,0.01
1045,AAPL,0.23,0.22,0.25,0.26,0.03
1046,AAPL,0.22,0.25,0.26,0.29,0.01
1047,AAPL,0.25,0.26,0.29,0.3,0.01
1048,AAPL,0.26,0.29,0.3,0.31,-0.02
1049,AAPL,0.29,0.3,0.31,0.29,0
1050,AAPL,0.3,0.31,0.29,0.29,-0.01
1051,AAPL,0.31,0.29,0.29,0.28,0.01
1052,AAPL,0.29,0.29,0.28,0.29,0.02
1053,AAPL,0.29,0.28,0.29,0.31,-0.01
1054,AAPL,0.28,0.29,0.31,0.3,0.05
1055,AAPL,0.29,0.31,0.3,0.35,-0.02
1056,AAPL,0.31,0.3,0.35,0.33,-0.02
1057,AAPL,0.3,0.35,0.33,0.31,0.03
1058,AAPL,0.35,0.33,0.31,0.34,0.04
1059,AAPL,0.33,0.31,0.34,0.38,0.02
1060,AAPL,0.31,0.34,0.38,0.4,-0.01
1061,AAPL,0.34,0.38,0.4,0.39,-0.04
1062,AAPL,0.38,0.4,0.39,0.35,0.01
1063,AAPL,0.4,0.39,0.35,0.36,-0.02
1064,AAPL,0.39,0.35,0.36,0.34,-0.02
1065,AAPL,0.35,0.36,0.34,0.32,0
1066,AAPL,0.36,0.34,0.32,0.32,-0.01
1067,AAPL,0.34,0.32,0.32,0.31,0.03
1068,AAPL,0.32,0.32,0.31,0.34,0.01
1069,AAPL,0.32,0.31,0.34,0.35,-0.02
1070,AAPL,0.31,0.34,0.35,0.33,0.05
1071,AAPL,0.34,0.35,0.33,0.38,-0.08
1072,AAPL,0.35,0.33,0.38,0.3,-0.01
1073,AAPL,0.33,0.38,0.3,0.29,0
1074,AAPL,0.38,0.3,0.29,0.29,0
1075,AAPL,0.3,0.29,0.29,0.29,-0.02
1076,AAPL,0.29,0.29,0.29,0.27,0.01
1077,AAPL,0.29,0.29,0.27,0.28,0
1078,AAPL,0.29,0.27,0.28,0.28,-0.02
1079,AAPL,0.27,0.28,0.28,0.26,0
1080,AAPL,0.28,0.28,0.26,0.26,-0.02
1081,AAPL,0.28,0.26,0.26,0.24,-0.01
1082,AAPL,0.26,0.26,0.24,0.23,0.01
1083,AAPL,0.26,0.24,0.23,0.24,0.03
1084,AAPL,0.24,0.23,0.24,0.27,0.01
1085,AAPL,0.23,0.24,0.27,0.28,0
1086,AAPL,0.24,0.27,0.28,0.28,0
1087,AAPL,0.27,0.28,0.28,0.28,0
1088,AAPL,0.28,0.28,0.28,0.28,0.01
1089,AAPL,0.28,0.28,0.28,0.29,0.01
1090,AAPL,0.28,0.28,0.29,0.3,0.02
1091,AAPL,0.28,0.29,0.3,0.32,0.02
1092,AAPL,0.29,0.3,0.32,0.34,-0.03
1093,AAPL,0.3,0.32,0.34,0.31,0.01
1094,AAPL,0.32,0.34,0.31,0.32,0.02
1095,AAPL,0.34,0.31,0.32,0.34,0.02
1096,AAPL,0.31,0.32,0.34,0.36,-0.04
1097,AAPL,0.32,0.34,0.36,0.32,0.02
1098,AAPL,0.34,0.36,0.32,0.34,0.01
1099,AAPL,0.36,0.32,0.34,0.35,0.02
1100,AAPL,0.32,0.34,0.35,0.37,-0.01
1101,AAPL,0.34,0.35,0.37,0.36,0
1102,AAPL,0.35,0.37,0.36,0.36,-0.02
1103,AAPL,0.37,0.36,0.36,0.34,0.01
1104,AAPL,0.36,0.36,0.34,0.35,0.02
1105,AAPL,0.36,0.34,0.35,0.37,0.01
1106,AAPL,0.34,0.35,0.37,0.38,-0.02
1107,AAPL,0.35,0.37,0.38,0.36,0
1108,AAPL,0.37,0.38,0.36,0.36,0.01
1109,AAPL,0.38,0.36,0.36,0.37,0.01
1110,AAPL,0.36,0.36,0.37,0.38,0
1111,AAPL,0.36,0.37,0.38,0.38,-0.03
1112,AAPL,0.37,0.38,0.38,0.35,0.01
1113,AAPL,0.38,0.38,0.35,0.36,-0.01
1114,AAPL,0.38,0.35,0.36,0.35,0.03
1115,AAPL,0.35,0.36,0.35,0.38,-0.01
1116,AAPL,0.36,0.35,0.38,0.37,-0.02
1117,AAPL,0.35,0.38,0.37,0.35,-0.03
1118,AAPL,0.38,0.37,0.35,0.32,-0.02
1119,AAPL,0.37,0.35,0.32,0.3,-0.05
1120,AAPL,0.35,0.32,0.3,0.25,0.02
1121,AAPL,0.32,0.3,0.25,0.27,0.01
1122,AAPL,0.3,0.25,0.27,0.28,-0.02
1123,AAPL,0.25,0.27,0.28,0.26,-0.03
1124,AAPL,0.27,0.28,0.26,0.23,-0.01
1125,AAPL,0.28,0.26,0.23,0.22,0
1126,AAPL,0.26,0.23,0.22,0.22,0.01
1127,AAPL,0.23,0.22,0.22,0.23,0.01
1128,AAPL,0.22,0.22,0.23,0.24,0
1129,AAPL,0.22,0.23,0.24,0.24,-0.02
1130,AAPL,0.23,0.24,0.24,0.22,0
1131,AAPL,0.24,0.24,0.22,0.22,-0.01
1132,AAPL,0.24,0.22,0.22,0.21,0.01
1133,AAPL,0.22,0.22,0.21,0.22,0
1134,AAPL,0.22,0.21,0.22,0.22,-0.01
1135,AAPL,0.21,0.22,0.22,0.21,0.01
1136,AAPL,0.22,0.22,0.21,0.22,0
1137,AAPL,0.22,0.21,0.22,0.22,0.01
1138,AAPL,0.21,0.22,0.22,0.23,0.02
1139,AAPL,0.22,0.22,0.23,0.25,-0.01
1140,AAPL,0.22,0.23,0.25,0.24,0
1141,AAPL,0.23,0.25,0.24,0.24,0
1142,AAPL,0.25,0.24,0.24,0.24,-0.01
1143,AAPL,0.24,0.24,0.24,0.23,0
1144,AAPL,0.24,0.24,0.23,0.23,-0.01
1145,AAPL,0.24,0.23,0.23,0.22,-0.01
1146,AAPL,0.23,0.23,0.22,0.21,0
1147,AAPL,0.23,0.22,0.21,0.21,0.02
1148,AAPL,0.22,0.21,0.21,0.23,-0.01
1149,AAPL,0.21,0.21,0.23,0.22,-0.01
1150,AAPL,0.21,0.23,0.22,0.21,0
1151,AAPL,0.23,0.22,0.21,0.21,0.01
1152,AAPL,0.22,0.21,0.21,0.22,-0.01
1153,AAPL,0.21,0.21,0.22,0.21,0.01
1154,AAPL,0.21,0.22,0.21,0.22,0.01
1155,AAPL,0.22,0.21,0.22,0.23,0
1156,AAPL,0.21,0.22,0.23,0.23,-0.01
1157,AAPL,0.22,0.23,0.23,0.22,0
1158,AAPL,0.23,0.23,0.22,0.22,0.01
1159,AAPL,0.23,0.22,0.22,0.23,-0.01
1160,AAPL,0.22,0.22,0.23,0.22,0
1161,AAPL,0.22,0.23,0.22,0.22,-0.02
1162,AAPL,0.23,0.22,0.22,0.2,0
1163,AAPL,0.22,0.22,0.2,0.2,0
1164,AAPL,0.22,0.2,0.2,0.2,0.02
1165,AAPL,0.2,0.2,0.2,0.22,0.06
1166,AAPL,0.2,0.2,0.22,0.28,0
1167,AAPL,0.2,0.22,0.28,0.28,0
1168,AAPL,0.22,0.28,0.28,0.28,-0.01
1169,AAPL,0.28,0.28,0.28,0.27,-0.01
1170,AAPL,0.28,0.28,0.27,0.26,0
1171,AAPL,0.28,0.27,0.26,0.26,0.03
1172,AAPL,0.27,0.26,0.26,0.29,-0.01
1173,AAPL,0.26,0.26,0.29,0.28,0.01
1174,AAPL,0.26,0.29,0.28,0.29,0.01
1175,AAPL,0.29,0.28,0.29,0.3,0.02
1176,AAPL,0.28,0.29,0.3,0.32,0.01
1177,AAPL,0.29,0.3,0.32,0.33,-0.02
1178,AAPL,0.3,0.32,0.33,0.31,-0.01
1179,AAPL,0.32,0.33,0.31,0.3,0
1180,AAPL,0.33,0.31,0.3,0.3,0.02
1181,AAPL,0.31,0.3,0.3,0.32,0.02
1182,AAPL,0.3,0.3,0.32,0.34,0
1183,AAPL,0.3,0.32,0.34,0.34,0.01
1184,AAPL,0.32,0.34,0.34,0.35,-0.01
1185,AAPL,0.34,0.34,0.35,0.34,-0.03
1186,AAPL,0.34,0.35,0.34,0.31,0.02
1187,AAPL,0.35,0.34,0.31,0.33,0.03
1188,AAPL,0.34,0.31,0.33,0.36,-0.02
1189,AAPL,0.31,0.33,0.36,0.34,0
1190,AAPL,0.33,0.36,0.34,0.34,0.01
1191,AAPL,0.36,0.34,0.34,0.35,-0.01
1192,AAPL,0.34,0.34,0.35,0.34,-0.02
1193,AAPL,0.34,0.35,0.34,0.32,-0.01
1194,AAPL,0.35,0.34,0.32,0.31,0.01
1195,AAPL,0.34,0.32,0.31,0.32,0
1196,AAPL,0.32,0.31,0.32,0.32,0
1197,AAPL,0.31,0.32,0.32,0.32,-0.02
1198,AAPL,0.32,0.32,0.32,0.3,0.01
1199,AAPL,0.32,0.32,0.3,0.31,0.01
1200,AAPL,0.32,0.3,0.31,0.32,0.03
1201,AAPL,0.3,0.31,0.32,0.35,-0.01
1202,AAPL,0.31,0.32,0.35,0.34,0
1203,AAPL,0.32,0.35,0.34,0.34,0
1204,AAPL,0.35,0.34,0.34,0.34,0
1205,AAPL,0.34,0.34,0.34,0.34,0.01
1206,AAPL,0.34,0.34,0.34,0.35,-0.01
1207,AAPL,0.34,0.34,0.35,0.34,0.02
1208,AAPL,0.34,0.35,0.34,0.36,0.04
1209,AAPL,0.35,0.34,0.36,0.4,0.02
1210,AAPL,0.34,0.36,0.4,0.42,-0.03
1211,AAPL,0.36,0.4,0.42,0.39,0.02
1212,AAPL,0.4,0.42,0.39,0.41,0.01
1213,AAPL,0.42,0.39,0.41,0.42,0
1214,AAPL,0.39,0.41,0.42,0.42,0.02
1215,AAPL,0.41,0.42,0.42,0.44,-0.02
1216,AAPL,0.42,0.42,0.44,0.42,-0.03
1217,AAPL,0.42,0.44,0.42,0.39,0.01
1218,AAPL,0.44,0.42,0.39,0.4,0.01
1219,AAPL,0.42,0.39,0.4,0.41,0
1220,AAPL,0.39,0.4,0.41,0.41,0.01
1221,AAPL,0.4,0.41,0.41,0.42,0.02
1222,AAPL,0.41,0.41,0.42,0.44,0.02
1223,AAPL,0.41,0.42,0.44,0.46,0.04
1224,AAPL,0.42,0.44,0.46,0.5,0.01
1225,AAPL,0.44,0.46,0.5,0.51,-0.04
1226,AAPL,0.46,0.5,0.51,0.47,-0.02
1227,AAPL,0.5,0.51,0.47,0.45,0.04
1228,AAPL,0.51,0.47,0.45,0.49,-0.03
1229,AAPL,0.47,0.45,0.49,0.46,0.03
1230,AAPL,0.45,0.49,0.46,0.49,-0.04
1231,AAPL,0.49,0.46,0.49,0.45,0.02
1232,AAPL,0.46,0.49,0.45,0.47,0
1233,AAPL,0.49,0.45,0.47,0.47,0.05
1234,AAPL,0.45,0.47,0.47,0.52,0.01
1235,AAPL,0.47,0.47,0.52,0.53,0.01
1236,AAPL,0.47,0.52,0.53,0.54,0.02
1237,AAPL,0.52,0.53,0.54,0.56,0
1238,AAPL,0.53,0.54,0.56,0.56,0.02
1239,AAPL,0.54,0.56,0.56,0.58,0.01
1240,AAPL,0.56,0.56,0.58,0.59,0.1
1241,AAPL,0.56,0.58,0.59,0.69,0.03
1242,AAPL,0.58,0.59,0.69,0.72,0.07
1243,AAPL,0.59,0.69,0.72,0.79,0.04
1244,AAPL,0.69,0.72,0.79,0.83,0.01
1245,AAPL,0.72,0.79,0.83,0.84,-0.01
1246,AAPL,0.79,0.83,0.84,0.83,0.15
1247,AAPL,0.83,0.84,0.83,0.98,-0.03
1248,AAPL,0.84,0.83,0.98,0.95,0.03
1249,AAPL,0.83,0.98,0.95,0.98,0
1250,AAPL,0.98,0.95,0.98,0.98,-0.01
1251,AAPL,0.95,0.98,0.98,0.97,0
1252,AAPL,0.98,0.98,0.97,0.97,0.08
1253,AAPL,0.98,0.97,0.97,1.05,0.01
1254,AAPL,0.97,0.97,1.05,1.06,0.01
1255,AAPL,0.97,1.05,1.06,1.07,0.05
1256,AAPL,1.05,1.06,1.07,1.12,0.07
1257,AAPL,1.06,1.07,1.12,1.19,0.04
1258,AAPL,1.07,1.12,1.19,1.23,0.08
1259,AAPL,1.12,1.19,1.23,1.31,0.04
1260,AAPL,1.19,1.23,1.31,1.35,-0.06
1261,AAPL,1.23,1.31,1.35,1.29,-0.07
1262,AAPL,1.31,1.35,1.29,1.22,0.08
1263,AAPL,1.35,1.29,1.22,1.3,-0.01
1264,AAPL,1.29,1.22,1.3,1.29,-0.05
1265,AAPL,1.22,1.3,1.29,1.24,0.08
1266,AAPL,1.3,1.29,1.24,1.32,-0.25
1267,AAPL,1.29,1.24,1.32,1.07,0
1268,AAPL,1.24,1.32,1.07,1.07,0.02
1269,AAPL,1.32,1.07,1.07,1.09,0.04
1270,AAPL,1.07,1.07,1.09,1.13,-0.08
1271,AAPL,1.07,1.09,1.13,1.05,0.09
1272,AAPL,1.09,1.13,1.05,1.14,0.09
1273,AAPL,1.13,1.05,1.14,1.23,-0.07
1274,AAPL,1.05,1.14,1.23,1.16,-0.08
1275,AAPL,1.14,1.23,1.16,1.08,0.08
1276,AAPL,1.23,1.16,1.08,1.16,-0.02
1277,AAPL,1.16,1.08,1.16,1.14,-0.04
1278,AAPL,1.08,1.16,1.14,1.1,0.06
1279,AAPL,1.16,1.14,1.1,1.16,0.1
1280,AAPL,1.14,1.1,1.16,1.26,0.07
1281,AAPL,1.1,1.16,1.26,1.33,-0.04
1282,AAPL,1.16,1.26,1.33,1.29,0.01
1283,AAPL,1.26,1.33,1.29,1.3,0.09
1284,AAPL,1.33,1.29,1.3,1.39,0
1285,AAPL,1.29,1.3,1.39,1.39,-0.01
1286,AAPL,1.3,1.39,1.39,1.38,0.02
1287,AAPL,1.39,1.39,1.38,1.4,0.15
1288,AAPL,1.39,1.38,1.4,1.55,0
1289,AAPL,1.38,1.4,1.55,1.55,0.06
1290,AAPL,1.4,1.55,1.55,1.61,0.01
1291,AAPL,1.55,1.55,1.61,1.62,-0.07
1292,AAPL,1.55,1.61,1.62,1.55,0.08
1293,AAPL,1.61,1.62,1.55,1.63,0.05
1294,AAPL,1.62,1.55,1.63,1.68,-0.03
1295,AAPL,1.55,1.63,1.68,1.65,0.2
1296,AAPL,1.63,1.68,1.65,1.85,0.01
1297,AAPL,1.68,1.65,1.85,1.86,0.09
1298,AAPL,1.65,1.85,1.86,1.95,0.15
1299,AAPL,1.85,1.86,1.95,2.1,0.1
1300,AAPL,1.86,1.95,2.1,2.2,0.05
1301,AAPL,1.95,2.1,2.2,2.25,-0.1
1302,AAPL,2.1,2.2,2.25,2.15,0.07
1303,AAPL,2.2,2.25,2.15,2.22,-0.05
1304,AAPL,2.25,2.15,2.22,2.17,0.14
1305,AAPL,2.15,2.22,2.17,2.31,0.28
1306,AAPL,2.22,2.17,2.31,2.59,-0.29
1307,AAPL,2.17,2.31,2.59,2.3,-0.12
1308,AAPL,2.31,2.59,2.3,2.18,-0.01
1309,AAPL,2.59,2.3,2.18,2.17,-0.13
1310,AAPL,2.3,2.18,2.17,2.04,0.09
1311,AAPL,2.18,2.17,2.04,2.13,0.03
1312,AAPL,2.17,2.04,2.13,2.16,-0.11
1313,AAPL,2.04,2.13,2.16,2.05,-0.14
1314,AAPL,2.13,2.16,2.05,1.91,0.05
1315,AAPL,2.16,2.05,1.91,1.96,-0.15
1316,AAPL,2.05,1.91,1.96,1.81,0.09
1317,AAPL,1.91,1.96,1.81,1.9,0.21
1318,AAPL,1.96,1.81,1.9,2.11,-0.1
1319,AAPL,1.81,1.9,2.11,2.01,0.02
1320,AAPL,1.9,2.11,2.01,2.03,0.1
1321,AAPL,2.11,2.01,2.03,2.13,0.04
1322,AAPL,2.01,2.03,2.13,2.17,-0.12
1323,AAPL,2.03,2.13,2.17,2.05,-0.1
1324,AAPL,2.13,2.17,2.05,1.95,-0.03
1325,AAPL,2.17,2.05,1.95,1.92,-0.06
1326,AAPL,2.05,1.95,1.92,1.86,-0.07
1327,AAPL,1.95,1.92,1.86,1.79,-0.05
1328,AAPL,1.92,1.86,1.79,1.74,0.04
1329,AAPL,1.86,1.79,1.74,1.78,-0.05
1330,AAPL,1.79,1.74,1.78,1.73,-0.05
1331,AAPL,1.74,1.78,1.73,1.68,-0.15
1332,AAPL,1.78,1.73,1.68,1.53,0.31
1333,AAPL,1.73,1.68,1.53,1.84,0.14
1334,AAPL,1.68,1.53,1.84,1.98,0.09
1335,AAPL,1.53,1.84,1.98,2.07,-0.15
1336,AAPL,1.84,1.98,2.07,1.92,0.13
1337,AAPL,1.98,2.07,1.92,2.05,0.03
1338,AAPL,2.07,1.92,2.05,2.08,-0.01
1339,AAPL,1.92,2.05,2.08,2.07,0.12
1340,AAPL,2.05,2.08,2.07,2.19,0.05
1341,AAPL,2.08,2.07,2.19,2.24,-0.03
1342,AAPL,2.07,2.19,2.24,2.21,0.12
1343,AAPL,2.19,2.24,2.21,2.33,-0.09
1344,AAPL,2.24,2.21,2.33,2.24,0.03
1345,AAPL,2.21,2.33,2.24,2.27,0.15
1346,AAPL,2.33,2.24,2.27,2.42,0.01
1347,AAPL,2.24,2.27,2.42,2.43,-0.06
1348,AAPL,2.27,2.42,2.43,2.37,0.14
1349,AAPL,2.42,2.43,2.37,2.51,0.09
1350,AAPL,2.43,2.37,2.51,2.6,0.17
1351,AAPL,2.37,2.51,2.6,2.77,-0.01
1352,AAPL,2.51,2.6,2.77,2.76,-0.09
1353,AAPL,2.6,2.77,2.76,2.67,-0.02
1354,AAPL,2.77,2.76,2.67,2.65,-0.16
1355,AAPL,2.76,2.67,2.65,2.49,0.08
1356,AAPL,2.67,2.65,2.49,2.57,0
1357,AAPL,2.65,2.49,2.57,2.57,0.29
1358,AAPL,2.49,2.57,2.57,2.86,-0.18
1359,AAPL,2.57,2.57,2.86,2.68,-0.1
1360,AAPL,2.57,2.86,2.68,2.58,-0.02
1361,AAPL,2.86,2.68,2.58,2.56,-0.04
1362,AAPL,2.68,2.58,2.56,2.52,0.04
1363,AAPL,2.58,2.56,2.52,2.56,0.13
1364,AAPL,2.56,2.52,2.56,2.69,-0.11
1365,AAPL,2.52,2.56,2.69,2.58,0.08
1366,AAPL,2.56,2.69,2.58,2.66,0.05
1367,AAPL,2.69,2.58,2.66,2.71,0.12
1368,AAPL,2.58,2.66,2.71,2.83,-0.02
1369,AAPL,2.66,2.71,2.83,2.81,0.05
1370,AAPL,2.71,2.83,2.81,2.86,-0.13
1371,AAPL,2.83,2.81,2.86,2.73,0.02
1372,AAPL,2.81,2.86,2.73,2.75,0.27
1373,AAPL,2.86,2.73,2.75,3.02,0.03
1374,AAPL,2.73,2.75,3.02,3.05,0.24
1375,AAPL,2.75,3.02,3.05,3.29,0.04
1376,AAPL,3.02,3.05,3.29,3.33,0.11
1377,AAPL,3.05,3.29,3.33,3.44,0.14
1378,AAPL,3.29,3.33,3.44,3.58,0.18
1379,AAPL,3.33,3.44,3.58,3.76,-0.12
1380,AAPL,3.44,3.58,3.76,3.64,0.08
1381,AAPL,3.58,3.76,3.64,3.72,-0.03
1382,AAPL,3.76,3.64,3.72,3.69,0.31
1383,AAPL,3.64,3.72,3.69,4,0.16
1384,AAPL,3.72,3.69,4,4.16,0.19
1385,AAPL,3.69,4,4.16,4.35,0
1386,AAPL,4,4.16,4.35,4.35,-0.36
1387,AAPL,4.16,4.35,4.35,3.99,-0.21
1388,AAPL,4.35,4.35,3.99,3.78,-0.09
1389,AAPL,4.35,3.99,3.78,3.69,0.4
1390,AAPL,3.99,3.78,3.69,4.09,0.1
1391,AAPL,3.78,3.69,4.09,4.19,-0.21
1392,AAPL,3.69,4.09,4.19,3.98,0.22
1393,AAPL,4.09,4.19,3.98,4.2,0.16
1394,AAPL,4.19,3.98,4.2,4.36,0.28
1395,AAPL,3.98,4.2,4.36,4.64,0.24
1396,AAPL,4.2,4.36,4.64,4.88,0.18
1397,AAPL,4.36,4.64,4.88,5.06,0.09
1398,AAPL,4.64,4.88,5.06,5.15,0.43
1399,AAPL,4.88,5.06,5.15,5.58,0.1
1400,AAPL,5.06,5.15,5.58,5.68,-0.68
1401,AAPL,5.15,5.58,5.68,5,0.03
1402,AAPL,5.58,5.68,5,5.03,0.16
1403,AAPL,5.68,5,5.03,5.19,0.32
1404,AAPL,5,5.03,5.19,5.51,0.36
1405,AAPL,5.03,5.19,5.51,5.87,-0.11
1406,AAPL,5.19,5.51,5.87,5.76,0.1
1407,AAPL,5.51,5.87,5.76,5.86,0.18
1408,AAPL,5.87,5.76,5.86,6.04,-0.6
1409,AAPL,5.76,5.86,6.04,5.44,-0.22
1410,AAPL,5.86,6.04,5.44,5.22,-0.34
1411,AAPL,6.04,5.44,5.22,4.88,-0.95
1412,AAPL,5.44,5.22,4.88,3.93,0.11
1413,AAPL,5.22,4.88,3.93,4.04,-0.25
1414,AAPL,4.88,3.93,4.04,3.79,-0.02
1415,AAPL,3.93,4.04,3.79,3.77,-0.16
1416,AAPL,4.04,3.79,3.77,3.61,0.17
1417,AAPL,3.79,3.77,3.61,3.78,-0.08
1418,AAPL,3.77,3.61,3.78,3.7,0.13
1419,AAPL,3.61,3.78,3.7,3.83,0.2
1420,AAPL,3.78,3.7,3.83,4.03,0.29
1421,AAPL,3.7,3.83,4.03,4.32,0.31
1422,AAPL,3.83,4.03,4.32,4.63,-0.18
1423,AAPL,4.03,4.32,4.63,4.45,0.42
1424,AAPL,4.32,4.63,4.45,4.87,0.26
1425,AAPL,4.63,4.45,4.87,5.13,0.34
1426,AAPL,4.45,4.87,5.13,5.47,0.08
1427,AAPL,4.87,5.13,5.47,5.55,0.12
1428,AAPL,5.13,5.47,5.55,5.67,-0.19
1429,AAPL,5.47,5.55,5.67,5.48,0.23
1430,AAPL,5.55,5.67,5.48,5.71,-0.1
1431,AAPL,5.67,5.48,5.71,5.61,-0.4
1432,AAPL,5.48,5.71,5.61,5.21,0.09
1433,AAPL,5.71,5.61,5.21,5.3,-0.16
1434,AAPL,5.61,5.21,5.3,5.14,0
1435,AAPL,5.21,5.3,5.14,5.14,0.08
1436,AAPL,5.3,5.14,5.14,5.22,-0.23
1437,AAPL,5.14,5.14,5.22,4.99,-0.09
1438,AAPL,5.14,5.22,4.99,4.9,-0.16
1439,AAPL,5.22,4.99,4.9,4.74,0.39
1440,AAPL,4.99,4.9,4.74,5.13,0.18
1441,AAPL,4.9,4.74,5.13,5.31,0.04
1442,AAPL,4.74,5.13,5.31,5.35,-0.22
1443,AAPL,5.13,5.31,5.35,5.13,-0.29
1444,AAPL,5.31,5.35,5.13,4.84,-0.34
1445,AAPL,5.35,5.13,4.84,4.5,-0.24
1446,AAPL,5.13,4.84,4.5,4.26,-0.38
1447,AAPL,4.84,4.5,4.26,3.88,-0.95
1448,AAPL,4.5,4.26,3.88,2.93,0
1449,AAPL,4.26,3.88,2.93,2.93,0.01
1450,AAPL,3.88,2.93,2.93,2.94,-0.03
1451,AAPL,2.93,2.93,2.94,2.91,0.34
1452,AAPL,2.93,2.94,2.91,3.25,-0.28
1453,AAPL,2.94,2.91,3.25,2.97,-0.24
1454,AAPL,2.91,3.25,2.97,2.73,-0.23
1455,AAPL,3.25,2.97,2.73,2.5,0.3
1456,AAPL,2.97,2.73,2.5,2.8,0.04
1457,AAPL,2.73,2.5,2.8,2.84,0.13
1458,AAPL,2.5,2.8,2.84,2.97,-0.25
1459,AAPL,2.8,2.84,2.97,2.72,-0.13
1460,AAPL,2.84,2.97,2.72,2.59,0.15
1461,AAPL,2.97,2.72,2.59,2.74,0
1462,AAPL,2.72,2.59,2.74,2.74,-0.25
1463,AAPL,2.59,2.74,2.74,2.49,0.18
1464,AAPL,2.74,2.74,2.49,2.67,0.06
1465,AAPL,2.74,2.49,2.67,2.73,0.29
1466,AAPL,2.49,2.67,2.73,3.02,-0.02
1467,AAPL,2.67,2.73,3.02,3,-0.24
1468,AAPL,2.73,3.02,3,2.76,-0.06
1469,AAPL,3.02,3,2.76,2.7,-0.12
1470,AAPL,3,2.76,2.7,2.58,0.32
1471,AAPL,2.76,2.7,2.58,2.9,0.17
1472,AAPL,2.7,2.58,2.9,3.07,0.16
1473,AAPL,2.58,2.9,3.07,3.23,0.28
1474,AAPL,2.9,3.07,3.23,3.51,0.11
1475,AAPL,3.07,3.23,3.51,3.62,0.11
1476,AAPL,3.23,3.51,3.62,3.73,0.02
1477,AAPL,3.51,3.62,3.73,3.75,0.1
1478,AAPL,3.62,3.73,3.75,3.85,0.06
1479,AAPL,3.73,3.75,3.85,3.91,-0.21
1480,AAPL,3.75,3.85,3.91,3.7,0
1481,AAPL,3.85,3.91,3.7,3.7,0.41
1482,AAPL,3.91,3.7,3.7,4.11,0.26
1483,AAPL,3.7,3.7,4.11,4.37,-0.23
1484,AAPL,3.7,4.11,4.37,4.14,0.08
1485,AAPL,4.11,4.37,4.14,4.22,0.09
1486,AAPL,4.37,4.14,4.22,4.31,-0.08
1487,AAPL,4.14,4.22,4.31,4.23,-0.04
1488,AAPL,4.22,4.31,4.23,4.19,0.4
1489,AAPL,4.31,4.23,4.19,4.59,0.25
1490,AAPL,4.23,4.19,4.59,4.84,0.1
1491,AAPL,4.19,4.59,4.84,4.94,0.06
1492,AAPL,4.59,4.84,4.94,5,0.04
1493,AAPL,4.84,4.94,5,5.04,0.08
1494,AAPL,4.94,5,5.04,5.12,0.02
1495,AAPL,5,5.04,5.12,5.14,0.01
1496,AAPL,5.04,5.12,5.14,5.15,0.06
1497,AAPL,5.12,5.14,5.15,5.21,0.38
1498,AAPL,5.14,5.15,5.21,5.59,-0.08
1499,AAPL,5.15,5.21,5.59,5.51,0.08
1500,AAPL,5.21,5.59,5.51,5.59,0.17
1501,AAPL,5.59,5.51,5.59,5.76,-0.07
1502,AAPL,5.51,5.59,5.76,5.69,0.48
1503,AAPL,5.59,5.76,5.69,6.17,-0.47
1504,AAPL,5.76,5.69,6.17,5.7,0.18
1505,AAPL,5.69,6.17,5.7,5.88,0.3
1506,AAPL,6.17,5.7,5.88,6.18,-0.14
1507,AAPL,5.7,5.88,6.18,6.04,0.02
1508,AAPL,5.88,6.18,6.04,6.06,-0.21
1509,AAPL,6.18,6.04,6.06,5.85,0.04
1510,AAPL,6.04,6.06,5.85,5.89,0.02
1511,AAPL,6.06,5.85,5.89,5.91,0.41
1512,AAPL,5.85,5.89,5.91,6.32,0.05
1513,AAPL,5.89,5.91,6.32,6.37,0.04
1514,AAPL,5.91,6.32,6.37,6.41,-0.18
1515,AAPL,6.32,6.37,6.41,6.23,-0.25
1516,AAPL,6.37,6.41,6.23,5.98,-0.17
1517,AAPL,6.41,6.23,5.98,5.81,0.1
1518,AAPL,6.23,5.98,5.81,5.91,0.15
1519,AAPL,5.98,5.81,5.91,6.06,0.04
1520,AAPL,5.81,5.91,6.06,6.1,0.09
1521,AAPL,5.91,6.06,6.1,6.19,0.43
1522,AAPL,6.06,6.1,6.19,6.62,0.23
1523,AAPL,6.1,6.19,6.62,6.85,-0.13
1524,AAPL,6.19,6.62,6.85,6.72,0.26
1525,AAPL,6.62,6.85,6.72,6.98,0.15
1526,AAPL,6.85,6.72,6.98,7.13,0.18
1527,AAPL,6.72,6.98,7.13,7.31,0.17
1528,AAPL,6.98,7.13,7.31,7.48,0.71
1529,AAPL,7.13,7.31,7.48,8.19,-0.3
1530,AAPL,7.31,7.48,8.19,7.89,-0.76
1531,AAPL,7.48,8.19,7.89,7.13,0.54
1532,AAPL,8.19,7.89,7.13,7.67,-0.34
1533,AAPL,7.89,7.13,7.67,7.33,0.44
1534,AAPL,7.13,7.67,7.33,7.77,-0.03
1535,AAPL,7.67,7.33,7.77,7.74,-0.07
1536,AAPL,7.33,7.77,7.74,7.67,0.62
1537,AAPL,7.77,7.74,7.67,8.29,-0.23
1538,AAPL,7.74,7.67,8.29,8.06,-0.59
1539,AAPL,7.67,8.29,8.06,7.47,0.38
1540,AAPL,8.29,8.06,7.47,7.85,-0.29
1541,AAPL,8.06,7.47,7.85,7.56,0.3
1542,AAPL,7.47,7.85,7.56,7.86,-0.08
1543,AAPL,7.85,7.56,7.86,7.78,0.08
1544,AAPL,7.56,7.86,7.78,7.86,-0.33
1545,AAPL,7.86,7.78,7.86,7.53,0.02
1546,AAPL,7.78,7.86,7.53,7.55,-0.24
1547,AAPL,7.86,7.53,7.55,7.31,0.51
1548,AAPL,7.53,7.55,7.31,7.82,0.14
1549,AAPL,7.55,7.31,7.82,7.96,0.37
1550,AAPL,7.31,7.82,7.96,8.33,0.51
1551,AAPL,7.82,7.96,8.33,8.84,-0.3
1552,AAPL,7.96,8.33,8.84,8.54,0.35
1553,AAPL,8.33,8.84,8.54,8.89,0.63
1554,AAPL,8.84,8.54,8.89,9.52,-0.22
1555,AAPL,8.54,8.89,9.52,9.3,-0.2
1556,AAPL,8.89,9.52,9.3,9.1,0.49
1557,AAPL,9.52,9.3,9.1,9.59,-0.28
1558,AAPL,9.3,9.1,9.59,9.31,-0.04
1559,AAPL,9.1,9.59,9.31,9.27,0.25
1560,AAPL,9.59,9.31,9.27,9.52,0.08
1561,AAPL,9.31,9.27,9.52,9.6,0.09
1562,AAPL,9.27,9.52,9.6,9.69,0
1563,AAPL,9.52,9.6,9.69,9.69,0.09
1564,AAPL,9.6,9.69,9.69,9.78,-0.03
1565,AAPL,9.69,9.69,9.78,9.75,0.41
1566,AAPL,9.69,9.78,9.75,10.16,0.38
1567,AAPL,9.78,9.75,10.16,10.54,-0.66
1568,AAPL,9.75,10.16,10.54,9.88,0.28
1569,AAPL,10.16,10.54,9.88,10.16,0.32
1570,AAPL,10.54,9.88,10.16,10.48,0.31
1571,AAPL,9.88,10.16,10.48,10.79,-0.19
1572,AAPL,10.16,10.48,10.79,10.6,-0.07
1573,AAPL,10.48,10.79,10.6,10.53,0.35
1574,AAPL,10.79,10.6,10.53,10.88,-0.24
1575,AAPL,10.6,10.53,10.88,10.64,-0.64
1576,AAPL,10.53,10.88,10.64,10,0.63
1577,AAPL,10.88,10.64,10,10.63,-0.21
1578,AAPL,10.64,10,10.63,10.42,-0.29
1579,AAPL,10,10.63,10.42,10.13,-0.23
1580,AAPL,10.63,10.42,10.13,9.9,0.7
1581,AAPL,10.42,10.13,9.9,10.6,-0.01
1582,AAPL,10.13,9.9,10.6,10.59,-0.11
1583,AAPL,9.9,10.6,10.59,10.48,-0.18
1584,AAPL,10.6,10.59,10.48,10.3,-0.16
1585,AAPL,10.59,10.48,10.3,10.14,0.06
1586,AAPL,10.48,10.3,10.14,10.2,0.18
1587,AAPL,10.3,10.14,10.2,10.38,-0.53
1588,AAPL,10.14,10.2,10.38,9.85,-0.17
1589,AAPL,10.2,10.38,9.85,9.68,0.19
1590,AAPL,10.38,9.85,9.68,9.87,0.51
1591,AAPL,9.85,9.68,9.87,10.38,0.5
1592,AAPL,9.68,9.87,10.38,10.88,0.15
1593,AAPL,9.87,10.38,10.88,11.03,0.86
1594,AAPL,10.38,10.88,11.03,11.89,-0.08
1595,AAPL,10.88,11.03,11.89,11.81,-0.51
1596,AAPL,11.03,11.89,11.81,11.3,0.1
1597,AAPL,11.89,11.81,11.3,11.4,-0.64
1598,AAPL,11.81,11.3,11.4,10.76,0.84
1599,AAPL,11.3,11.4,10.76,11.6,-0.29
1600,AAPL,11.4,10.76,11.6,11.31,0.1
1601,AAPL,10.76,11.6,11.31,11.41,0.7
1602,AAPL,11.6,11.31,11.41,12.11,0.11
1603,AAPL,11.31,11.41,12.11,12.22,-0.69
1604,AAPL,11.41,12.11,12.22,11.53,-0.35
1605,AAPL,12.11,12.22,11.53,11.18,1.58
1606,AAPL,12.22,11.53,11.18,12.76,-0.88
1607,AAPL,11.53,11.18,12.76,11.88,0.36
1608,AAPL,11.18,12.76,11.88,12.24,-0.14
1609,AAPL,12.76,11.88,12.24,12.1,-0.47
1610,AAPL,11.88,12.24,12.1,11.63,-0.29
1611,AAPL,12.24,12.1,11.63,11.34,-0.35
1612,AAPL,12.1,11.63,11.34,10.99,0.79
1613,AAPL,11.63,11.34,10.99,11.78,0.12
1614,AAPL,11.34,10.99,11.78,11.9,-0.38
1615,AAPL,10.99,11.78,11.9,11.52,0.67
1616,AAPL,11.78,11.9,11.52,12.19,0.06
1617,AAPL,11.9,11.52,12.19,12.25,0.52
1618,AAPL,11.52,12.19,12.25,12.77,-0.08
1619,AAPL,12.19,12.25,12.77,12.69,0.02
1620,AAPL,12.25,12.77,12.69,12.71,0.81
1621,AAPL,12.77,12.69,12.71,13.52,0.38
1622,AAPL,12.69,12.71,13.52,13.9,1.02
1623,AAPL,12.71,13.52,13.9,14.92,0.26
1624,AAPL,13.52,13.9,14.92,15.18,0.62
1625,AAPL,13.9,14.92,15.18,15.8,0.68
1626,AAPL,14.92,15.18,15.8,16.48,0
1627,AAPL,15.18,15.8,16.48,16.48,1.23
1628,AAPL,15.8,16.48,16.48,17.71,0.31
1629,AAPL,16.48,16.48,17.71,18.02,0.11
1630,AAPL,16.48,17.71,18.02,18.13,1.03
1631,AAPL,17.71,18.02,18.13,19.16,-0.86
1632,AAPL,18.02,18.13,19.16,18.3,-0.98
1633,AAPL,18.13,19.16,18.3,17.32,0.91
1634,AAPL,19.16,18.3,17.32,18.23,-1.14
1635,AAPL,18.3,17.32,18.23,17.09,0.04
1636,AAPL,17.32,18.23,17.09,17.13,-1.09
1637,AAPL,18.23,17.09,17.13,16.04,0.96
1638,AAPL,17.09,17.13,16.04,17,-0.04
1639,AAPL,17.13,16.04,17,16.96,0.59
1640,AAPL,16.04,17,16.96,17.55,-0.19
1641,AAPL,17,16.96,17.55,17.36,0.24
1642,AAPL,16.96,17.55,17.36,17.6,0.06
1643,AAPL,17.55,17.36,17.6,17.66,0.66
1644,AAPL,17.36,17.6,17.66,18.32,-0.03
1645,AAPL,17.6,17.66,18.32,18.29,-0.02
1646,AAPL,17.66,18.32,18.29,18.27,-0.58
1647,AAPL,18.32,18.29,18.27,17.69,0.93
1648,AAPL,18.29,18.27,17.69,18.62,0.18
1649,AAPL,18.27,17.69,18.62,18.8,0.88
1650,AAPL,17.69,18.62,18.8,19.68,0.46
1651,AAPL,18.62,18.8,19.68,20.14,0.06
1652,AAPL,18.8,19.68,20.14,20.2,0.46
1653,AAPL,19.68,20.14,20.2,20.66,0.33
1654,AAPL,20.14,20.2,20.66,20.99,0.27
1655,AAPL,20.2,20.66,20.99,21.26,-1
1656,AAPL,20.66,20.99,21.26,20.26,-0.44
1657,AAPL,20.99,21.26,20.26,19.82,-0.7
1658,AAPL,21.26,20.26,19.82,19.12,-0.6
1659,AAPL,20.26,19.82,19.12,18.52,-0.18
1660,AAPL,19.82,19.12,18.52,18.34,-0.83
1661,AAPL,19.12,18.52,18.34,17.51,-0.9
1662,AAPL,18.52,18.34,17.51,16.61,-0.51
1663,AAPL,18.34,17.51,16.61,16.1,1.33
1664,AAPL,17.51,16.61,16.1,17.43,0.42
1665,AAPL,16.61,16.1,17.43,17.85,-1.58
1666,AAPL,16.1,17.43,17.85,16.27,-0.72
1667,AAPL,17.43,17.85,16.27,15.55,0.29
1668,AAPL,17.85,16.27,15.55,15.84,-0.3
1669,AAPL,16.27,15.55,15.84,15.54,0.54
1670,AAPL,15.55,15.84,15.54,16.08,-0.21
1671,AAPL,15.84,15.54,16.08,15.87,-0.62
1672,AAPL,15.54,16.08,15.87,15.25,-1.83
1673,AAPL,16.08,15.87,15.25,13.42,0.42
1674,AAPL,15.87,15.25,13.42,13.84,0.65
1675,AAPL,15.25,13.42,13.84,14.49,-0.37
1676,AAPL,13.42,13.84,14.49,14.12,-0.29
1677,AAPL,13.84,14.49,14.12,13.83,-0.62
1678,AAPL,14.49,14.12,13.83,13.21,0.04
1679,AAPL,14.12,13.83,13.21,13.25,0.36
1680,AAPL,13.83,13.21,13.25,13.61,0.56
1681,AAPL,13.21,13.25,13.61,14.17,-0.59
1682,AAPL,13.25,13.61,14.17,13.58,-0.6
1683,AAPL,13.61,14.17,13.58,12.98,0.21
1684,AAPL,14.17,13.58,12.98,13.19,-1.21
1685,AAPL,13.58,12.98,13.19,11.98,0.82
1686,AAPL,12.98,13.19,11.98,12.8,1.01
1687,AAPL,13.19,11.98,12.8,13.81,0.09
1688,AAPL,11.98,12.8,13.81,13.9,-0.52
1689,AAPL,12.8,13.81,13.9,13.38,0.37
1690,AAPL,13.81,13.9,13.38,13.75,0.14
1691,AAPL,13.9,13.38,13.75,13.89,-0.24
1692,AAPL,13.38,13.75,13.89,13.65,-0.37
1693,AAPL,13.75,13.89,13.65,13.28,-0.51
1694,AAPL,13.89,13.65,13.28,12.77,-0.52
1695,AAPL,13.65,13.28,12.77,12.25,0.64
1696,AAPL,13.28,12.77,12.25,12.89,0.28
1697,AAPL,12.77,12.25,12.89,13.17,-0.05
1698,AAPL,12.25,12.89,13.17,13.12,0.5
1699,AAPL,12.89,13.17,13.12,13.62,0.67
1700,AAPL,13.17,13.12,13.62,14.29,-0.25
1701,AAPL,13.12,13.62,14.29,14.04,1.58
1702,AAPL,13.62,14.29,14.04,15.62,-0.04
1703,AAPL,14.29,14.04,15.62,15.58,-0.43
1704,AAPL,14.04,15.62,15.58,15.15,0.34
1705,AAPL,15.62,15.58,15.15,15.49,-1.04
1706,AAPL,15.58,15.15,15.49,14.45,0.08
1707,AAPL,15.15,15.49,14.45,14.53,0.48
1708,AAPL,15.49,14.45,14.53,15.01,0.01
1709,AAPL,14.45,14.53,15.01,15.02,0.3
1710,AAPL,14.53,15.01,15.02,15.32,0.5
1711,AAPL,15.01,15.02,15.32,15.82,0.53
1712,AAPL,15.02,15.32,15.82,16.35,-0.18
1713,AAPL,15.32,15.82,16.35,16.17,0.01
1714,AAPL,15.82,16.35,16.17,16.18,0.24
1715,AAPL,16.35,16.17,16.18,16.42,-0.17
1716,AAPL,16.17,16.18,16.42,16.25,1.14
1717,AAPL,16.18,16.42,16.25,17.39,0.12
1718,AAPL,16.42,16.25,17.39,17.51,-0.17
1719,AAPL,16.25,17.39,17.51,17.34,-0.17
1720,AAPL,17.39,17.51,17.34,17.17,0.34
1721,AAPL,17.51,17.34,17.17,17.51,-0.59
1722,AAPL,17.34,17.17,17.51,16.92,-0.25
1723,AAPL,17.17,17.51,16.92,16.67,0.24
1724,AAPL,17.51,16.92,16.67,16.91,0.17
1725,AAPL,16.92,16.67,16.91,17.08,-1.43
1726,AAPL,16.67,16.91,17.08,15.65,0.6
1727,AAPL,16.91,17.08,15.65,16.25,0.86
1728,AAPL,17.08,15.65,16.25,17.11,-0.59
1729,AAPL,15.65,16.25,17.11,16.52,0.03
1730,AAPL,16.25,17.11,16.52,16.55,0.14
1731,AAPL,17.11,16.52,16.55,16.69,-0.18
1732,AAPL,16.52,16.55,16.69,16.51,0.25
1733,AAPL,16.55,16.69,16.51,16.76,0.13
1734,AAPL,16.69,16.51,16.76,16.89,-0.16
1735,AAPL,16.51,16.76,16.89,16.73,-0.38
1736,AAPL,16.76,16.89,16.73,16.35,0.16
1737,AAPL,16.89,16.73,16.35,16.51,1.48
1738,AAPL,16.73,16.35,16.51,17.99,0.65
1739,AAPL,16.35,16.51,17.99,18.64,-0.22
1740,AAPL,16.51,17.99,18.64,18.42,0.48
1741,AAPL,17.99,18.64,18.42,18.9,0.53
1742,AAPL,18.64,18.42,18.9,19.43,0.59
1743,AAPL,18.42,18.9,19.43,20.02,0.4
1744,AAPL,18.9,19.43,20.02,20.42,-0.21
1745,AAPL,19.43,20.02,20.42,20.21,-0.08
1746,AAPL,20.02,20.42,20.21,20.13,0.24
1747,AAPL,20.42,20.21,20.13,20.37,0.45
1748,AAPL,20.21,20.13,20.37,20.82,0.26
1749,AAPL,20.13,20.37,20.82,21.08,-0.17
1750,AAPL,20.37,20.82,21.08,20.91,0.72
1751,AAPL,20.82,21.08,20.91,21.63,-0.34
1752,AAPL,21.08,20.91,21.63,21.29,-0.31
1753,AAPL,20.91,21.63,21.29,20.98,0.82
1754,AAPL,21.63,21.29,20.98,21.8,0.75
1755,AAPL,21.29,20.98,21.8,22.55,0.26
1756,AAPL,20.98,21.8,22.55,22.81,-0.79
1757,AAPL,21.8,22.55,22.81,22.02,0.6
1758,AAPL,22.55,22.81,22.02,22.62,-0.15
1759,AAPL,22.81,22.02,22.62,22.47,-0.05
1760,AAPL,22.02,22.62,22.47,22.42,-0.25
1761,AAPL,22.62,22.47,22.42,22.17,0.25
1762,AAPL,22.47,22.42,22.17,22.42,-0.68
1763,AAPL,22.42,22.17,22.42,21.74,1.68
1764,AAPL,22.17,22.42,21.74,23.42,0.61
1765,AAPL,22.42,21.74,23.42,24.03,0.23
1766,AAPL,21.74,23.42,24.03,24.26,1.26
1767,AAPL,23.42,24.03,24.26,25.52,0.51
1768,AAPL,24.03,24.26,25.52,26.03,0.55
1769,AAPL,24.26,25.52,26.03,26.58,-0.88
1770,AAPL,25.52,26.03,26.58,25.7,-1.18
1771,AAPL,26.03,26.58,25.7,24.52,0.46
1772,AAPL,26.58,25.7,24.52,24.98,0.5
1773,AAPL,25.7,24.52,24.98,25.48,-1.04
1774,AAPL,24.52,24.98,25.48,24.44,0.59
1775,AAPL,24.98,25.48,24.44,25.03,-1.34
1776,AAPL,25.48,24.44,25.03,23.69,1.56
1777,AAPL,24.44,25.03,23.69,25.25,0.94
1778,AAPL,25.03,23.69,25.25,26.19,0.39
1779,AAPL,23.69,25.25,26.19,26.58,1.93
1780,AAPL,25.25,26.19,26.58,28.51,0.55
1781,AAPL,26.19,26.58,28.51,29.06,-0.24
1782,AAPL,26.58,28.51,29.06,28.82,-0.41
1783,AAPL,28.51,29.06,28.82,28.41,-0.68
1784,AAPL,29.06,28.82,28.41,27.73,0.52
1785,AAPL,28.82,28.41,27.73,28.25,-0.59
1786,AAPL,28.41,27.73,28.25,27.66,0.46
1787,AAPL,27.73,28.25,27.66,28.12,0.4
1788,AAPL,28.25,27.66,28.12,28.52,-0.53
1789,AAPL,27.66,28.12,28.52,27.99,1.24
1790,AAPL,28.12,28.52,27.99,29.23,-0.3
1791,AAPL,28.52,27.99,29.23,28.93,-0.29
1792,AAPL,27.99,29.23,28.93,28.64,0.37
1793,AAPL,29.23,28.93,28.64,29.01,0.85
1794,AAPL,28.93,28.64,29.01,29.86,-0.51
1795,AAPL,28.64,29.01,29.86,29.35,-0.36
1796,AAPL,29.01,29.86,29.35,28.99,-0.34
1797,AAPL,29.86,29.35,28.99,28.65,-0.12
1798,AAPL,29.35,28.99,28.65,28.53,0.03
1799,AAPL,28.99,28.65,28.53,28.56,-0.07
1800,AAPL,28.65,28.53,28.56,28.49,-0.71
1801,AAPL,28.53,28.56,28.49,27.78,1.43
1802,AAPL,28.56,28.49,27.78,29.21,-1.16
1803,AAPL,28.49,27.78,29.21,28.05,-0.72
1804,AAPL,27.78,29.21,28.05,27.33,-1.3
1805,AAPL,29.21,28.05,27.33,26.03,0.22
1806,AAPL,28.05,27.33,26.03,26.25,-2.31
1807,AAPL,27.33,26.03,26.25,23.94,1.7
1808,AAPL,26.03,26.25,23.94,25.64,-0.91
1809,AAPL,26.25,23.94,25.64,24.73,1.12
1810,AAPL,23.94,25.64,24.73,25.85,-0.17
1811,AAPL,25.64,24.73,25.85,25.68,0.28
1812,AAPL,24.73,25.85,25.68,25.96,-0.98
1813,AAPL,25.85,25.68,25.96,24.98,0.4
1814,AAPL,25.68,25.96,24.98,25.38,-0.25
1815,AAPL,25.96,24.98,25.38,25.13,1.82
1816,AAPL,24.98,25.38,25.13,26.95,0.1
1817,AAPL,25.38,25.13,26.95,27.05,0.35
1818,AAPL,25.13,26.95,27.05,27.4,-1.86
1819,AAPL,26.95,27.05,27.4,25.54,1.58
1820,AAPL,27.05,27.4,25.54,27.12,-0.34
1821,AAPL,27.4,25.54,27.12,26.78,0.28
1822,AAPL,25.54,27.12,26.78,27.06,-1.33
1823,AAPL,27.12,26.78,27.06,25.73,-1.63
1824,AAPL,26.78,27.06,25.73,24.1,0.46
1825,AAPL,27.06,25.73,24.1,24.56,-0.63
1826,AAPL,25.73,24.1,24.56,23.93,-1.89
1827,AAPL,24.1,24.56,23.93,22.04,0.04
1828,AAPL,24.56,23.93,22.04,22.08,0.97
1829,AAPL,23.93,22.04,22.08,23.05,-0.92
1830,AAPL,22.04,22.08,23.05,22.13,-0.76
1831,AAPL,22.08,23.05,22.13,21.37,0.11
1832,AAPL,23.05,22.13,21.37,21.48,0.47
1833,AAPL,22.13,21.37,21.48,21.95,0.2
1834,AAPL,21.37,21.48,21.95,22.15,1.39
1835,AAPL,21.48,21.95,22.15,23.54,-0.17
1836,AAPL,21.95,22.15,23.54,23.37,0.84
1837,AAPL,22.15,23.54,23.37,24.21,-0.06
1838,AAPL,23.54,23.37,24.21,24.15,0.99
1839,AAPL,23.37,24.21,24.15,25.14,-0.31
1840,AAPL,24.21,24.15,25.14,24.83,0.28
1841,AAPL,24.15,25.14,24.83,25.11,-0.96
1842,AAPL,25.14,24.83,25.11,24.15,-2.73
1843,AAPL,24.83,25.11,24.15,21.42,-0.23
1844,AAPL,25.11,24.15,21.42,21.19,-0.38
1845,AAPL,24.15,21.42,21.19,20.81,1.08
1846,AAPL,21.42,21.19,20.81,21.89,1.18
1847,AAPL,21.19,20.81,21.89,23.07,-0.55
1848,AAPL,20.81,21.89,23.07,22.52,0.2
1849,AAPL,21.89,23.07,22.52,22.72,-0.8
1850,AAPL,23.07,22.52,22.72,21.92,-0.44
1851,AAPL,22.52,22.72,21.92,21.48,0.57
1852,AAPL,22.72,21.92,21.48,22.05,0.18
1853,AAPL,21.92,21.48,22.05,22.23,0.48
1854,AAPL,21.48,22.05,22.23,22.71,-0.02
1855,AAPL,22.05,22.23,22.71,22.69,1.27
1856,AAPL,22.23,22.71,22.69,23.96,0.75
1857,AAPL,22.71,22.69,23.96,24.71,0.3
1858,AAPL,22.69,23.96,24.71,25.01,0.27
1859,AAPL,23.96,24.71,25.01,25.28,-0.56
1860,AAPL,24.71,25.01,25.28,24.72,0.18
1861,AAPL,25.01,25.28,24.72,24.9,-1.06
1862,AAPL,25.28,24.72,24.9,23.84,2.73
1863,AAPL,24.72,24.9,23.84,26.57,-0.51
1864,AAPL,24.9,23.84,26.57,26.06,0.07
1865,AAPL,23.84,26.57,26.06,26.13,0.24
1866,AAPL,26.57,26.06,26.13,26.37,0.82
1867,AAPL,26.06,26.13,26.37,27.19,-0.23
1868,AAPL,26.13,26.37,27.19,26.96,-0.67
1869,AAPL,26.37,27.19,26.96,26.29,-1.13
1870,AAPL,27.19,26.96,26.29,25.16,0.04
1871,AAPL,26.96,26.29,25.16,25.2,0.37
1872,AAPL,26.29,25.16,25.2,25.57,0.41
1873,AAPL,25.16,25.2,25.57,25.98,-0.44
1874,AAPL,25.2,25.57,25.98,25.54,0.94
1875,AAPL,25.57,25.98,25.54,26.48,0.47
1876,AAPL,25.98,25.54,26.48,26.95,0.13
1877,AAPL,25.54,26.48,26.95,27.08,-0.17
1878,AAPL,26.48,26.95,27.08,26.91,0.49
1879,AAPL,26.95,27.08,26.91,27.4,0.26
1880,AAPL,27.08,26.91,27.4,27.66,0.22
1881,AAPL,26.91,27.4,27.66,27.88,0.46
1882,AAPL,27.4,27.66,27.88,28.34,1.65
1883,AAPL,27.66,27.88,28.34,29.99,0.71
1884,AAPL,27.88,28.34,29.99,30.7,0.97
1885,AAPL,28.34,29.99,30.7,31.67,0.22
1886,AAPL,29.99,30.7,31.67,31.89,0.73
1887,AAPL,30.7,31.67,31.89,32.62,-0.15
1888,AAPL,31.67,31.89,32.62,32.47,0.2
1889,AAPL,31.89,32.62,32.47,32.67,0.15
1890,AAPL,32.62,32.47,32.67,32.82,0.71
1891,AAPL,32.47,32.67,32.82,33.53,-0.08
1892,AAPL,32.67,32.82,33.53,33.45,-0.53
1893,AAPL,32.82,33.53,33.45,32.92,0.28
1894,AAPL,33.53,33.45,32.92,33.2,0.32
1895,AAPL,33.45,32.92,33.2,33.52,1.24
1896,AAPL,32.92,33.2,33.52,34.76,1.67
1897,AAPL,33.2,33.52,34.76,36.43,-0.56
1898,AAPL,33.52,34.76,36.43,35.87,0.13
1899,AAPL,34.76,36.43,35.87,36,0.43
1900,AAPL,36.43,35.87,36,36.43,-1.52
1901,AAPL,35.87,36,36.43,34.91,-1.57
1902,AAPL,36,36.43,34.91,33.34,0.94
1903,AAPL,36.43,34.91,33.34,34.28,-0.53
1904,AAPL,34.91,33.34,34.28,33.75,0.04
1905,AAPL,33.34,34.28,33.75,33.79,1.14
1906,AAPL,34.28,33.75,33.79,34.93,0.28
1907,AAPL,33.75,33.79,34.93,35.21,-0.18
1908,AAPL,33.79,34.93,35.21,35.03,1.62
1909,AAPL,34.93,35.21,35.03,36.65,0.25
1910,AAPL,35.21,35.03,36.65,36.9,0.15
1911,AAPL,35.03,36.65,36.9,37.05,0.56
1912,AAPL,36.65,36.9,37.05,37.61,0.98
1913,AAPL,36.9,37.05,37.61,38.59,-1.27
1914,AAPL,37.05,37.61,38.59,37.32,0.29
1915,AAPL,37.61,38.59,37.32,37.61,-1.88
1916,AAPL,38.59,37.32,37.61,35.73,0.53
1917,AAPL,37.32,37.61,35.73,36.26,0.28
1918,AAPL,37.61,35.73,36.26,36.54,0.39
1919,AAPL,35.73,36.26,36.54,36.93,-0.17
1920,AAPL,36.26,36.54,36.93,36.76,1.6
1921,AAPL,36.54,36.93,36.76,38.36,2.22
1922,AAPL,36.93,36.76,38.36,40.58,0.51
1923,AAPL,36.76,38.36,40.58,41.09,-0.92
1924,AAPL,38.36,40.58,41.09,40.17,1.14
1925,AAPL,40.58,41.09,40.17,41.31,-0.92
1926,AAPL,41.09,40.17,41.31,40.39,-0.4
1927,AAPL,40.17,41.31,40.39,39.99,1.08
1928,AAPL,41.31,40.39,39.99,41.07,0.25
1929,AAPL,40.39,39.99,41.07,41.32,-1.36
1930,AAPL,39.99,41.07,41.32,39.96,1.36
1931,AAPL,41.07,41.32,39.96,41.32,0.49
1932,AAPL,41.32,39.96,41.32,41.81,0.32
1933,AAPL,39.96,41.32,41.81,42.13,-1.64
1934,AAPL,41.32,41.81,42.13,40.49,-2.6
1935,AAPL,41.81,42.13,40.49,37.89,-0.96
1936,AAPL,42.13,40.49,37.89,36.93,3.95
1937,AAPL,40.49,37.89,36.93,40.88,0.72
1938,AAPL,37.89,36.93,40.88,41.6,0.17
1939,AAPL,36.93,40.88,41.6,41.77,0.9
1940,AAPL,40.88,41.6,41.77,42.67,-0.47
1941,AAPL,41.6,41.77,42.67,42.2,-3.1
1942,AAPL,41.77,42.67,42.2,39.1,0.67
1943,AAPL,42.67,42.2,39.1,39.77,0.15
1944,AAPL,42.2,39.1,39.77,39.92,1.5
1945,AAPL,39.1,39.77,39.92,41.42,-2.13
1946,AAPL,39.77,39.92,41.42,39.29,-0.81
1947,AAPL,39.92,41.42,39.29,38.48,5.1
1948,AAPL,41.42,39.29,38.48,43.58,1.13
1949,AAPL,39.29,38.48,43.58,44.71,-0.37
1950,AAPL,38.48,43.58,44.71,44.34,0.54
1951,AAPL,43.58,44.71,44.34,44.88,0.39
1952,AAPL,44.71,44.34,44.88,45.27,0.35
1953,AAPL,44.34,44.88,45.27,45.62,-0.68
1954,AAPL,44.88,45.27,45.62,44.94,-0.93
1955,AAPL,45.27,45.62,44.94,44.01,0.04
1956,AAPL,45.62,44.94,44.01,44.05,0.68
1957,AAPL,44.94,44.01,44.05,44.73,0.8
1958,AAPL,44.01,44.05,44.73,45.53,0.03
1959,AAPL,44.05,44.73,45.53,45.56,-0.11
1960,AAPL,44.73,45.53,45.56,45.45,4.05
1961,AAPL,45.53,45.56,45.45,49.5,-0.11
1962,AAPL,45.56,45.45,49.5,49.39,2.57
1963,AAPL,45.45,49.5,49.39,51.96,-0.34
1964,AAPL,49.5,49.39,51.96,51.62,2.74
1965,AAPL,49.39,51.96,51.62,54.36,-1.51
1966,AAPL,51.96,51.62,54.36,52.85,0.61
1967,AAPL,51.62,54.36,52.85,53.46,-1.48
1968,AAPL,54.36,52.85,53.46,51.98,1.93
1969,AAPL,52.85,53.46,51.98,53.91,-0.35
1970,AAPL,53.46,51.98,53.91,53.56,-0.52
1971,AAPL,51.98,53.91,53.56,53.04,-0.67
1972,AAPL,53.91,53.56,53.04,52.37,-0.71
1973,AAPL,53.56,53.04,52.37,51.66,-2.11
1974,AAPL,53.04,52.37,51.66,49.55,-0.72
1975,AAPL,52.37,51.66,49.55,48.83,-2.45
1976,AAPL,51.66,49.55,48.83,46.38,-5.09
1977,AAPL,49.55,48.83,46.38,41.29,1.51
1978,AAPL,48.83,46.38,41.29,42.8,-2.42
1979,AAPL,46.38,41.29,42.8,40.38,-0.72
1980,AAPL,41.29,42.8,40.38,39.66,-3.54
1981,AAPL,42.8,40.38,39.66,36.12,1.32
1982,AAPL,40.38,39.66,36.12,37.44,-1.91
1983,AAPL,39.66,36.12,37.44,35.53,0.97
1984,AAPL,36.12,37.44,35.53,36.5,1.08
1985,AAPL,37.44,35.53,36.5,37.58,0.23
1986,AAPL,35.53,36.5,37.58,37.81,2.1
1987,AAPL,36.5,37.58,37.81,39.91,0.93
1988,AAPL,37.58,37.81,39.91,40.84,0.18
1989,AAPL,37.81,39.91,40.84,41.02,0.61
1990,AAPL,39.91,40.84,41.02,41.63,0.48
1991,AAPL,40.84,41.02,41.63,42.11,-0.49
1992,AAPL,41.02,41.63,42.11,41.62,3.17
1993,AAPL,41.63,42.11,41.62,44.79,1.19
1994,AAPL,42.11,41.62,44.79,45.98,-0.26
1995,AAPL,41.62,44.79,45.98,45.72,1.69
1996,AAPL,44.79,45.98,45.72,47.41,0.45
1997,AAPL,45.98,45.72,47.41,47.86,1.2
1998,AAPL,45.72,47.41,47.86,49.06,0.11
1999,AAPL,47.41,47.86,49.06,49.17,1.79
2000,AAPL,47.86,49.06,49.17,50.96,-3.5
2001,AAPL,49.06,49.17,50.96,47.46,-1.8
2002,AAPL,49.17,50.96,47.46,45.66,-2.42
2003,AAPL,50.96,47.46,45.66,43.24,-0.94
2004,AAPL,47.46,45.66,43.24,42.3,3.64
2005,AAPL,45.66,43.24,42.3,45.94,0.63
2006,AAPL,43.24,42.3,45.94,46.57,1.46
2007,AAPL,42.3,45.94,46.57,48.03,-0.21
2008,AAPL,45.94,46.57,48.03,47.82,1.52
2009,AAPL,46.57,48.03,47.82,49.34,-0.22
2010,AAPL,48.03,47.82,49.34,49.12,-0.17
2011,AAPL,47.82,49.34,49.12,48.95,1.24
2012,AAPL,49.34,49.12,48.95,50.19,-0.9
2013,AAPL,49.12,48.95,50.19,49.29,-0.73
2014,AAPL,48.95,50.19,49.29,48.56,1.52
2015,AAPL,50.19,49.29,48.56,50.08,-0.94
2016,AAPL,49.29,48.56,50.08,49.14,1.48
2017,AAPL,48.56,50.08,49.14,50.62,1.1
2018,AAPL,50.08,49.14,50.62,51.72,1.33
2019,AAPL,49.14,50.62,51.72,53.05,-0.25
2020,AAPL,50.62,51.72,53.05,52.8,0.27
2021,AAPL,51.72,53.05,52.8,53.07,1.98
2022,AAPL,53.05,52.8,53.07,55.05,2.24
2023,AAPL,52.8,53.07,55.05,57.29,0.04
2024,AAPL,53.07,55.05,57.29,57.33,2.47
2025,AAPL,55.05,57.29,57.33,59.8,2.24
2026,AAPL,57.29,57.33,59.8,62.04,1.05
2027,AAPL,57.33,59.8,62.04,63.09,1.56
2028,AAPL,59.8,62.04,63.09,64.65,-0.97
2029,AAPL,62.04,63.09,64.65,63.68,1.33
2030,AAPL,63.09,64.65,63.68,65.01,0.84
2031,AAPL,64.65,63.68,65.01,65.85,1.08
2032,AAPL,63.68,65.01,65.85,66.93,1.04
2033,AAPL,65.01,65.85,66.93,67.97,2.52
2034,AAPL,65.85,66.93,67.97,70.49,1.86
2035,AAPL,66.93,67.97,70.49,72.35,3.14
2036,AAPL,67.97,70.49,72.35,75.49,2.04
2037,AAPL,70.49,72.35,75.49,77.53,-0.1
2038,AAPL,72.35,75.49,77.53,77.43,-2.14
2039,AAPL,75.49,77.53,77.43,75.29,2.56
2040,AAPL,77.53,77.43,75.29,77.85,1.38
2041,AAPL,77.43,75.29,77.85,79.23,-2.9
2042,AAPL,75.29,77.85,79.23,76.33,-9.68
2043,AAPL,77.85,79.23,76.33,66.65,3.82
2044,AAPL,79.23,76.33,66.65,70.47,-2.69
2045,AAPL,76.33,66.65,70.47,67.78,-11.89
2046,AAPL,66.65,70.47,67.78,55.89,4.52
2047,AAPL,70.47,67.78,55.89,60.41,-1.55
2048,AAPL,67.78,55.89,60.41,58.86,6.48
2049,AAPL,55.89,60.41,58.86,65.34,3.61
2050,AAPL,60.41,58.86,65.34,68.95,0.05
2051,AAPL,58.86,65.34,68.95,69,1.48
2052,AAPL,65.34,68.95,69,70.48,5.14
2053,AAPL,68.95,69,70.48,75.62,-0.39
2054,AAPL,69,70.48,75.62,75.23,2.73
2055,AAPL,70.48,75.62,75.23,77.96,-0.23
2056,AAPL,75.62,75.23,77.96,77.73,3.32
2057,AAPL,75.23,77.96,77.73,81.05,1.78
2058,AAPL,77.96,77.73,81.05,82.83,2.67
2059,AAPL,77.73,81.05,82.83,85.5,0.96
2060,AAPL,81.05,82.83,85.5,86.46,2.56
2061,AAPL,82.83,85.5,86.46,89.02,4.78
2062,AAPL,85.5,86.46,89.02,93.8,0.4
2063,AAPL,86.46,89.02,93.8,94.2,-3.63
2064,AAPL,89.02,93.8,94.2,90.57,13.35
2065,AAPL,93.8,94.2,90.57,103.92,4.74
2066,AAPL,94.2,90.57,103.92,108.66,3.92
2067,AAPL,90.57,103.92,108.66,112.58,9.27
2068,AAPL,103.92,108.66,112.58,121.85,0.42
2069,AAPL,108.66,112.58,121.85,122.27,-3.77
2070,AAPL,112.58,121.85,122.27,118.5,-8.77
2071,AAPL,121.85,122.27,118.5,109.73,-5.06
2072,AAPL,122.27,118.5,109.73,104.67,5.33
2073,AAPL,118.5,109.73,104.67,110,0.73
2074,AAPL,109.73,104.67,110,110.73,3.87
2075,AAPL,104.67,110,110.73,114.6,2
2076,AAPL,110,110.73,114.6,116.6,-3.89
2077,AAPL,110.73,114.6,116.6,112.71,-6.06
2078,AAPL,114.6,116.6,112.71,106.65,9.63
2079,AAPL,116.6,112.71,106.65,116.28,0.76
2080,AAPL,112.71,106.65,116.28,117.04,-1.88
2081,AAPL,106.65,116.28,117.04,115.16,-0.74
2082,AAPL,116.28,117.04,115.16,114.42,5.56
2083,AAPL,117.04,115.16,114.42,119.98,0.15
2084,AAPL,115.16,114.42,119.98,120.13,4.17
2085,AAPL,114.42,119.98,120.13,124.3,5.21
2086,AAPL,119.98,120.13,124.3,129.51,0.71
2087,AAPL,120.13,124.3,129.51,130.22,-0.63
2088,AAPL,124.3,129.51,130.22,129.59,-4.82
2089,AAPL,129.51,130.22,129.59,124.77,11.71
2090,AAPL,130.22,129.59,124.77,136.48,-6.98
2091,AAPL,129.59,124.77,136.48,129.5,4.72
2092,AAPL,124.77,136.48,129.5,134.22,-1.17
2093,AAPL,136.48,129.5,134.22,133.05,-5.41
2094,AAPL,129.5,134.22,133.05,127.64,-8.46
2095,AAPL,134.22,133.05,127.64,119.18,0.16
2096,AAPL,133.05,127.64,119.18,119.34,-0.38
2097,AAPL,127.64,119.18,119.34,118.96,-1.03
2098,AAPL,119.18,119.34,118.96,117.93,1.2
2099,AAPL,119.34,118.96,117.93,119.13,1.76
2100,AAPL,118.96,117.93,119.13,120.89,9.83
2101,AAPL,117.93,119.13,120.89,130.72,1.14
2102,AAPL,119.13,120.89,130.72,131.86,0.16
2103,AAPL,120.89,130.72,131.86,132.02,-2.81
2104,AAPL,130.72,131.86,132.02,129.21,-1.23
2105,AAPL,131.86,132.02,129.21,127.98,-2.5
2106,AAPL,132.02,129.21,127.98,125.48,-1.99
2107,AAPL,129.21,127.98,125.48,123.49,-0.81
2108,AAPL,127.98,125.48,123.49,122.68,1.26
2109,AAPL,125.48,123.49,122.68,123.94,1.44
2110,AAPL,123.49,122.68,123.94,125.38,3.06
2111,AAPL,122.68,123.94,125.38,128.44,2.61
2112,AAPL,123.94,125.38,128.44,131.05,6.74
2113,AAPL,125.38,128.44,131.05,137.79,5.08
2114,AAPL,128.44,131.05,137.79,142.87,1.26
2115,AAPL,131.05,137.79,142.87,144.13,2.13
2116,AAPL,137.79,142.87,144.13,146.26,-2.66
2117,AAPL,142.87,144.13,146.26,143.6,0.28
2118,AAPL,144.13,146.26,143.6,143.88,3.13
2119,AAPL,146.26,143.6,143.88,147.01,-0.89
2120,AAPL,143.6,143.88,147.01,146.12,0.4
2121,AAPL,143.88,147.01,146.12,146.52,5.62
2122,AAPL,147.01,146.12,146.52,152.14,-5.25
2123,AAPL,146.12,146.52,152.14,146.89,-2.87
2124,AAPL,146.52,152.14,146.89,144.02,0.84
2125,AAPL,152.14,146.89,144.02,144.86,-4.21
2126,AAPL,146.89,144.02,144.86,140.65,0.25
2127,AAPL,144.02,144.86,140.65,140.9,1.91
2128,AAPL,144.86,140.65,140.9,142.81,3.8
2129,AAPL,140.65,140.9,142.81,146.61,1.09
2130,AAPL,140.9,142.81,146.61,147.7,1.46
2131,AAPL,142.81,146.61,147.7,149.16,-1.05
2132,AAPL,146.61,147.7,149.16,148.11,10.42
2133,AAPL,147.7,149.16,148.11,158.53,-3.69
2134,AAPL,149.16,148.11,158.53,154.84,4.97
2135,AAPL,148.11,158.53,154.84,159.81,17.39
2136,AAPL,158.53,154.84,159.81,177.2,-8.21
2137,AAPL,154.84,159.81,177.2,168.99,5.08
2138,AAPL,159.81,177.2,168.99,174.07,1.27
2139,AAPL,177.2,168.99,174.07,175.34,-5.33
2140,AAPL,168.99,174.07,175.34,170.01,0.89
2141,AAPL,174.07,175.34,170.01,170.9,-10.53
2142,AAPL,175.34,170.01,170.9,160.37,7.82
2143,AAPL,170.01,170.9,160.37,168.19,2.04
2144,AAPL,170.9,160.37,168.19,170.23,-3.5
2145,AAPL,160.37,168.19,170.23,166.73,-1.32
2146,AAPL,168.19,170.23,166.73,165.41,-2.42
2147,AAPL,170.23,166.73,165.41,162.99,-1.66
2148,AAPL,166.73,165.41,162.99,161.33,-8.35
2149,AAPL,165.41,162.99,161.33,152.98,9.15
2150,AAPL,162.99,161.33,152.98,162.13,10.62
2151,AAPL,161.33,152.98,162.13,172.75,-0.41
2152,AAPL,152.98,162.13,172.75,172.34,-4.17
2153,AAPL,162.13,172.75,172.34,168.17,-4.75
2154,AAPL,172.75,172.34,168.17,163.42,-3.46
2155,AAPL,172.34,168.17,163.42,159.96,-4.09
2156,AAPL,168.17,163.42,159.96,155.87,-0.37
2157,AAPL,163.42,159.96,155.87,155.5,-9.84
2158,AAPL,159.96,155.87,155.5,145.66,-9.42
2159,AAPL,155.87,155.5,145.66,136.24,11.93
2160,AAPL,155.5,145.66,136.24,148.17,-4.22
2161,AAPL,145.66,136.24,148.17,143.95,-8.17
2162,AAPL,136.24,148.17,143.95,135.78,-5.52
2163,AAPL,148.17,143.95,135.78,130.26,10.01
2164,AAPL,143.95,135.78,130.26,140.27,-2.71
2165,AAPL,135.78,130.26,140.27,137.56,8.03
2166,AAPL,130.26,140.27,137.56,145.59,3.1
2167,AAPL,140.27,137.56,145.59,148.69,3.88
2168,AAPL,137.56,145.59,148.69,152.57,8.34
2169,AAPL,145.59,148.69,152.57,160.91,2.81
2170,AAPL,148.69,152.57,160.91,163.72,6.92
2171,AAPL,152.57,160.91,163.72,170.64,-0.57
2172,AAPL,160.91,163.72,170.64,170.07,-7.84
2173,AAPL,163.72,170.64,170.07,162.23,-7.74
2174,AAPL,170.64,170.07,162.23,154.49,1.55
2175,AAPL,170.07,162.23,154.49,156.04,-6.62
2176,AAPL,162.23,154.49,156.04,149.42,-0.26
2177,AAPL,154.49,156.04,149.42,149.16,-12.13
2178,AAPL,156.04,149.42,149.16,137.03,1.87
2179,AAPL,149.42,149.16,137.03,138.9,-1.69
2180,AAPL,149.16,137.03,138.9,137.21,8.81
2181,AAPL,137.03,138.9,137.21,146.02,8.4
2182,AAPL,138.9,137.21,146.02,154.42,-17.21
2183,AAPL,137.21,146.02,154.42,137.21,11.47
2184,AAPL,146.02,154.42,137.21,148.68,1.58
2185,AAPL,154.42,137.21,148.68,150.26,-3.16
2186,AAPL,137.21,148.68,150.26,147.1,-0.3
2187,AAPL,148.68,150.26,147.1,146.8,-5.61
2188,AAPL,150.26,147.1,146.8,141.19,-7.6
2189,AAPL,147.1,146.8,141.19,133.59,-2.63
2190,AAPL,146.8,141.19,133.59,130.96,-1.92
2191,AAPL,141.19,133.59,130.96,129.04,-0.3
2192,AAPL,133.59,130.96,129.04,128.74,5.1
2193,AAPL,130.96,129.04,128.74,133.84,3.09
2194,AAPL,129.04,128.74,133.84,136.93,8
2195,AAPL,128.74,133.84,136.93,144.93,8.52
2196,AAPL,133.84,136.93,144.93,153.45,-3.47
2197,AAPL,136.93,144.93,153.45,149.98,1.76
2198,AAPL,144.93,153.45,149.98,151.74,-5.81
2199,AAPL,153.45,149.98,151.74,145.93,4.3
2200,AAPL,149.98,151.74,145.93,150.23,-2.52
2201,AAPL,151.74,145.93,150.23,147.71,6.47
2202,AAPL,145.93,150.23,147.71,154.18,5.22
2203,AAPL,150.23,147.71,154.18,159.4,4.62
2204,AAPL,147.71,154.18,159.4,164.02,-0.23
2205,AAPL,154.18,159.4,164.02,163.79,0.54
2206,AAPL,159.4,164.02,163.79,164.33,-0.19
2207,AAPL,164.02,163.79,164.33,164.14,4.64
2208,AAPL,163.79,164.33,164.14,168.78,3.87
2209,AAPL,164.33,164.14,168.78,172.65,-1
2210,AAPL,164.14,168.78,172.65,171.65,2.82
2211,AAPL,168.78,172.65,171.65,174.47,0.27
2212,AAPL,172.65,171.65,174.47,174.74,5.5
2213,AAPL,171.65,174.47,174.74,180.24,0.01
2214,AAPL,174.47,174.74,180.24,180.25,3.94
2215,AAPL,174.74,180.24,180.25,184.19,1.76
2216,AAPL,180.24,180.25,184.19,185.95,7.26
2217,AAPL,180.25,184.19,185.95,193.21,-3.28
2218,AAPL,184.19,185.95,193.21,189.93,0.01
2219,AAPL,185.95,193.21,189.93,189.94,1.25
2220,AAPL,193.21,189.93,189.94,191.19,3.87
2221,AAPL,189.93,189.94,191.19,195.06,-13.79
2222,AAPL,189.94,191.19,195.06,181.27,-4.18
2223,AAPL,191.19,195.06,181.27,177.09,-3.05
2224,AAPL,195.06,181.27,177.09,174.04,4.11
2225,AAPL,181.27,177.09,174.04,178.15,10.82
2226,AAPL,177.09,174.04,178.15,188.97,-11.25
2227,AAPL,174.04,178.15,188.97,177.72,-3.16
2228,AAPL,178.15,188.97,177.72,174.56,-0.22
2229,AAPL,188.97,177.72,174.56,174.34,-3.57
2230,AAPL,177.72,174.56,174.34,170.77,6.26
2231,AAPL,174.56,174.34,170.77,177.03,1.36
2232,AAPL,174.34,170.77,177.03,178.39,-5.96
2233,AAPL,170.77,177.03,178.39,172.43,-4.65
2234,AAPL,177.03,178.39,172.43,167.78,8.41
2235,AAPL,178.39,172.43,167.78,176.19,9.73
2236,AAPL,172.43,167.78,176.19,185.92,3.53
2237,AAPL,167.78,176.19,185.92,189.45,0.28
2238,AAPL,176.19,185.92,189.45,189.73,1.27
2239,AAPL,185.92,189.45,189.73,191,4.46
2240,AAPL,189.45,189.73,191,195.46,1.86
2241,AAPL,189.73,191,195.46,197.32,-3.97
2242,AAPL,191,195.46,197.32,193.35,-1.07
2243,AAPL,195.46,197.32,193.35,192.28,-11.33
2244,AAPL,197.32,193.35,192.28,180.95,4.73
2245,AAPL,193.35,192.28,180.95,185.68,5.64
2246,AAPL,192.28,180.95,185.68,191.32,0.85
2247,AAPL,180.95,185.68,191.32,192.17,-6.56
2248,AAPL,185.68,191.32,192.17,185.61,3
2249,AAPL,191.32,192.17,185.61,188.61,-6.3
2250,AAPL,192.17,185.61,188.61,182.31,0.21
2251,AAPL,185.61,188.61,182.31,182.52,-2.86
2252,AAPL,188.61,182.31,182.52,179.66,-8.93
2253,AAPL,182.31,182.52,179.66,170.73,1.89
2254,AAPL,182.52,179.66,170.73,172.62,-0.34
2255,AAPL,179.66,170.73,172.62,172.28,-0.8
2256,AAPL,170.73,172.62,172.28,171.48,-1.9
2257,AAPL,172.62,172.28,171.48,169.58,6.97
2258,AAPL,172.28,171.48,169.58,176.55,-11.55
2259,AAPL,171.48,169.58,176.55,165,4.92
